Workbook
Name _Key1: #REF!
Name _Key1: #REF!
Name _Key1: 'Bomba Jockey'!$H$106:$H$108
Name _Key1: 'Cuarto Bombas'!$H$69:$H$71
Name _Key1: #REF!
Name _Key1: #REF!
Name _Key1: #REF!
Name _Key1: 'Sistema 1'!$G$56:$G$57
Name _Key1: 'Sistema 1A'!$G$55:$G$56
Name _Key1: 'Sistema 2 '!$G$56:$G$57
Name _Key1: 'Sistema 2A '!$G$55:$G$56
Name _Key1: 'Sistema 3 '!$G$56:$G$57
Name _Key1: 'Sistema 3A '!$G$55:$G$56
Name _Key1: 'Sistema 4'!$G$58:$G$59
Name _Key1: 'Sistema 5'!$G$56:$G$57
Name _Key1: 'Sistema 6'!$G$56:$G$57
Name _Key1: 'Sistema 9'!$G$56:$G$57
Name _Key1: 'Sistema 9A'!$G$55:$G$56
Name _Key1: #REF!
Name _Key2: 'Bomba Jockey'!$B$104:$B$123
Name _Key2: 'Cuarto Bombas'!$B$67:$B$86
Name _Key2: '[1]RIPMCB'!$C$64:$C$83
Name _Key2: 'Sistema 1'!$B$54:$B$67
Name _Key2: 'Sistema 1A'!$B$53:$B$67
Name _Key2: 'Sistema 2 '!$B$54:$B$68
Name _Key2: 'Sistema 2A '!$B$53:$B$66
Name _Key2: 'Sistema 3 '!$B$54:$B$69
Name _Key2: 'Sistema 3A '!$B$53:$B$67
Name _Key2: 'Sistema 4'!$B$56:$B$72
Name _Key2: 'Sistema 5'!$B$54:$B$68
Name _Key2: 'Sistema 6'!$B$54:$B$68
Name _Key2: 'Sistema 9'!$B$54:$B$68
Name _Key2: 'Sistema 9A'!$B$53:$B$67
Name _Key2: '[2]RIPMCB'!$C$64:$C$83
Name _Order1: 255
Name _Order2: 255
Name _Sort: #REF!
Name _Sort: #REF!
Name _Sort: 'Bomba Jockey'!$B$104:$H$108
Name _Sort: 'Cuarto Bombas'!$B$67:$H$71
Name _Sort: #REF!
Name _Sort: #REF!
Name _Sort: #REF!
Name _Sort: 'Sistema 1'!$B$54:$G$57
Name _Sort: 'Sistema 1A'!$B$53:$G$56
Name _Sort: 'Sistema 2 '!$B$54:$G$57
Name _Sort: 'Sistema 2A '!$B$53:$G$56
Name _Sort: 'Sistema 3 '!$B$54:$G$57
Name _Sort: 'Sistema 3A '!$B$53:$G$56
Name _Sort: 'Sistema 4'!$B$56:$G$59
Name _Sort: 'Sistema 5'!$B$54:$G$57
Name _Sort: 'Sistema 6'!$B$54:$G$57
Name _Sort: 'Sistema 9'!$B$54:$G$57
Name _Sort: 'Sistema 9A'!$B$53:$G$56
Name _Sort: #REF!
Name Print_Titles_MI: 'Bomba Jockey'!$1:$15
Name Print_Titles_MI: 'Cuarto Bombas'!$1:$15
Name Print_Titles_MI: ''FM200'!FM200'!$1:$14
Name Print_Titles_MI: 'Hidrantes Interiores'!$1:$14
Name Print_Titles_MI: 'Hidrantes Interiores (2)'!$1:$14

Sheet Tanque Agua
Q1: FIRE CONTROL SYSTEMS
Q2: Bucarest 12 Terranova Nogales, Sonora
Q3: Tel. 104-1127 Cel. 631-357-9141 las 24 Hrs.
Q4: Patricia Campos Badillo
Q5: RFC. CABP721117CW7
Q6: firecontrolsystems@hotmail.com
B7: REPORTE DE INSPECCIÓN, PRUEBAS Y MANTENIMIENTO A TANQUE DE ABASTECIMIENTO DE AGUA
B8: CLIENTE: | C8: Master Lock de Nogales Planta 2 | K8: CONTRATO : | M8: Mensual
B9: ATENCIÓN: | C9: Ing. Julio Landabazo | K9: INSPECTOR : | M9: Santiago Campos
B10: SERVICIO: | C10: 7 de 12 | K10: FECHA : | M10: 16 de Julio del 2025
C12: Tanque de Agua
B14: f = FRECUENCIA M = MENSUAL Q = TRIMESTRAL A = ANUAL | H14: S: SATISFACTORIO N/A: NO APLICA N: NO SATISFACTORIO
B16: ABASTECIMIENTO DE AGUA | H16: f | I16: S | J16: N/A | K16: N | L16: PARAMETROS | M16: LECTURAS | P16: COMENTARIOS
B17: ¿ La condición del agua es aceptable ? | H17: M | I17: OK
B18: ¿ La válvula de suministro se encuentra abierta ? | H18: M | I18: OK
B19: ¿ La válvula de altitud opera adecuadamente ? | H19: M | I19: OK
B20: ¿ La válvula de flotador opera adecuadamente ? | H20: M | I20: OK
B21: ¿ El nivel de agua en el tanque es el adecuado ? | H21: M | I21: OK | L21: FT | M21: 29.6
B22: ¿ Las paredes del Tanque están en buenas condiciones físicas ? | H22: M | I22: OK
B23: ¿ La entrada hombre esta en buenas condiciones ? | H23: M | I23: OK
B24: ¿ Cuenta con indicaciones de "área restringida" ? | H24: M | I24: OK
B25: ¿ Las válvulas cuentan con señalizaciones ? | H25: M | I25: OK
B26: ¿ La línea de retorno se encuentra en buenas condiciones ? | H26: M | I26: OK
B27: ¿ La condición física del exterior del tanque es satisfactoria ? | H27: M | I27: OK
B28: ¿ El soporte estructural del tanque esta en buen estado ? | H28: M | I28: OK
B29: ¿ Las escalera y pasos de gato no presentan daño físico ? | H29: M | I29: OK
B30: ¿ El área exterior del tanque esta libre de materiales que presenten riesgo de fuego ? | H30: M | I30: OK
B31: ¿ El área exterior del tanque esta libre de materiales que aceleren la corrosión ? | H31: M | I31: OK
B32: ¿ Se verifico el tubo de venteo del tanque ? | H32: M | I32: OK
B33: ¿ Se probo la alarma de alto y bajo nivel ? | H33: M | I33: OK
B34: ¿ Se le dio mantenimiento a las válvulas de control ? | H34: A | I34: OK | P34: 45809
B36: OBSERVACIONES:
B37: El acceso a la escalera no se encuentra restringido.
G42: ELABORO :
G43: =M9 -> Santiago Campos
G45: =M10 -> 16 de Julio del 2025
G46: NOMBRE, FIRMA Y FECHA

Sheet Cuarto Bombas
Q1: FIRE CONTROL SYSTEMS
Q2: Bucarest 12 Terranova Nogales, Sonora
Q3: Tel. 104-1127 Cel. 631-357-9141 las 24 Hrs.
Q4: Patricia Campos Badillo
Q5: RFC. CABP721117CW7
B6: REPORTE DE INSPECCION, PRUEBAS Y MANTENIMIENTO DE CUARTO DE BOMBAS | Q6: firecontrolsystems@hotmail.com
B7: CLIENTE: | C7: Master Lock de Nogales Planta 2 | M7: CONTRATO : | P7: Mensual
B8: ATENCIÓN: | C8: Ing. Julio Landabazos | M8: INSPECTOR : | P8: ='Tanque Agua'!M9 -> Santiago Campos
B9: SERVICIO: | C9: ='Tanque Agua'!C10 -> 7 de 12 | M9: FECHA : | P9: ='Tanque Agua'!M10 -> 16 de Julio del 2025
C11: CUARTO DE BOMBAS
B13: f = FRECUENCIA M = MENSUAL Q = TRIMESTRAL A = ANUAL | H13: S: SATISFACTORIO N/A: NO APLICA N: NO SATISFACTORIO
B15: CUARTO DE BOMBAS CONTRA INCENDIO | H15: f | I15: S | J15: N/A | K15: N | L15: PARAMETROS | M15: LECTURAS | P15: COMENTARIOS
B16: ¿ Se tiene la tarjeta (permiso de puesta fuera de servicio) autorizado por el cliente ? | H16: M | J16: N/A
B17: ¿ Las alarmas de evacuación han sido deshabilitadas ? | H17: M | I17: OK
B18: ¿ Es accesible la entrada ? | H18: M | I18: OK
B19: ¿ Se encuentra limpio y ordenado ? | H19: M | I19: OK
B20: ¿ Se encuentra a la temperatura adecuada ? | H20: M | I20: OK | L20: mínimo 10°C | M20: 23.8° C | P20: No cuenta con termometro
B21: ¿ Esta ventilada el área ? | H21: M | I21: OK | L21: Rejillas | M21: 2
B22: ¿ Cuenta con buena iluminación ? | H22: M | I22: OK | L22: Lámparas | M22: 6
B23: ¿ Cuenta con sistema de rociadores automáticos ? | H23: M | I23: OK | L23: Rociadores | M23: 6
B24: ¿ La válvula de control cierra y retorna a la posición de abierto ? | H24: M | I24: OK
B25: ¿ La válvula de control esta supervisada y/o asegurada ? | H25: M | I25: OK
B26: Número de vueltas para el cierre de la válvula de control. | H26: A | I26: OK | L26: de 6 a 20 | M26: 9.5 | P26: 45809
B27: Presión en la línea de alimentación | H27: M | I27: OK | L27: PSI | M27: 155
B28: ¿ La presión de alimentación es adecuada ? | H28: M | I28: OK
B29: Presión en la línea de rociadores | H29: M | I29: OK | L29: PSI | M29: 160
B30: ¿ La presión del sistema es adecuada ? | H30: M | I30: OK
B31: ¿ Coincide la lectura de los manómetros del riser con el manómetro certificado ? | H31: M | I31: OK
B32: ¿ La válvula de alivio de la línea de inspección opera ? | H32: M | I32: OK
B33: ¿ La valvula se encuentra en condiciones físicas adecuadas ? | H33: M | I33: OK
B34: Tiempo de respuesta del detector de flujo al abrir la válvula de inspección. | H34: Q | I34: OK | L34: de 30 a 60 seg. | N34: 50 | P34: 45809
B35: ¿ Se encuentran las instalaciones adecuadas para la prueba de eficiencia de la bomba ? | H35: M | I35: OK
B37: OBSERVACIONES:
B39: Permanece material de desecho a un lado del tanque de diesel este material puede actuar como combustible ante un conato de incendio.
G44: ELABORO :
G45: =P8 -> Santiago Campos
G47: =P9 -> 16 de Julio del 2025
G48: NOMBRE, FIRMA Y FECHA

Sheet Bomba Jockey
Q1: FIRE CONTROL SYSTEMS
Q2: Bucarest 12 Terranova Nogales, Sonora
Q3: Tel. 104-1127 Cel. 631-357-9141 las 24 Hrs.
Q4: Patricia Campos Bandillo
Q5: RFC. CABP721117CW7
B6: REPORTE DE INSPECCION, PRUEBAS Y MANTENIMIENTO DE BOMBA JOCKEY | Q6: firecontrolsystems@hotmail.com
B7: CLIENTE: | C7: Master Lock de Nogales Planta 2 | J7: CONTRATO : | M7: Mensual
B8: ATENCIÓN: | C8: Ing. Julio Landabazo | J8: INSPECTOR : | M8: Santiago Campos
B9: SERVICIO: | C9: ='Tanque Agua'!C10 -> 7 de 12 | J9: FECHA : | M9: ='Tanque Agua'!M10 -> 16 de Julio del 2025
C11: BOMBA JOCKEY
B13: f = FRECUENCIA M = MENSUAL Q = TRIMESTRAL A = ANUAL | H13: S: SATISFACTORIO N/A: NO APLICA N: NO SATISFACTORIO
B15: BOMBA JOCKEY | H15: f | I15: S | J15: N/A | K15: N | L15: PARAMETROS | M15: LECTURAS | P15: COMENTARIOS
B16: ¿ La válvula de succión esta abierta ? | H16: M | I16: OK
B17: ¿ La válvula de descarga esta abierta ? | H17: M | I17: OK
B18: ¿ La válvula de succión esta asegurada y/o supervisada ? | H18: M | I18: OK
B19: ¿ La válvula de descarga esta asegurada y/o supervisada ? | H19: M | I19: OK
B20: ¿ Las válvulas de succión y descarga son del tipo indicativas ? | H20: M | I20: OK
B21: Número de vueltas para el cierre de la válvula de succión. | H21: A | I21: OK | L21: de 6 a 20 | M21: 9.75 | P21: 45809
B22: Número de vueltas para el cierre de la válvula de descarga. | H22: A | I22: OK | L22: de 6 a 20 | M22: 8.5 | P22: 45809
B23: ¿ Se encontró el selector en automático ? | H23: M | I23: OK
B24: ¿ Opera correctamente el Interruptor principal del tablero de control ? | H24: M | I24: OK
B25: ¿ El tablero y sus componentes siguen aprobados ? | H25: M | I25: OK | L25: FM y/o UL | N25: UL
I26: OK | L26: Volts | M26: L1 - L2: | O26: 490
B27: ¿ Se verifico el voltaje de entrada del interruptor principal ? | H27: M | I27: OK | L27: Volts | M27: L3 - L2: | O27: 490
I28: OK | L28: Volts | M28: L1 - L3: | O28: 487
I29: OK | L29: Volts | M29: V1 - V2: | O29: 490
B30: ¿ Se verifico el voltaje de salida del interruptor principal ? | H30: M | I30: OK | L30: Volts | M30: V3 - V2: | O30: 490
I31: OK | L31: Volts | M31: V1 - V3: | O31: 487
B32: ¿ Se verifico el voltaje de entrada del dispositivo termomagnetico ? | L32: Volts | M32: L1 - L2: | O32: 490
H33: M | L33: Volts | M33: L3 - L2: | O33: 490
L34: Volts | M34: L1 - L3: | O34: 487
B35: ¿ Se verifico el voltaje de salida del dispositivo termomagnetico ? | I35: OK | L35: Volts | M35: V1 - V2: | O35: 490
H36: M | I36: OK | L36: Volts | M36: V3 - V2: | O36: 490
I37: OK | L37: Volts | M37: V1 - V3: | O37: 487
I38: OK | L38: Volts | M38: V1 - V2: | O38: 490
B39: ¿ Se verifico el voltaje de entrada del contactor de arranque ? | H39: M | I39: OK | L39: Volts | M39: V3 - V2: | O39: 490
I40: OK | L40: Volts | M40: V1 - V3: | O40: 487
I41: OK | L41: Volts | M41: V1 - V2: | O41: 489
B42: ¿ Se verifico el voltaje de salida del contactor de arranque ? | H42: M | I42: OK | L42: Volts | M42: V3 - V2: | O42: 489
I43: OK | L43: Volts | M43: V1 - V3: | O43: 485
I44: OK | L44: L1: | M44: 4.35
B45: ¿ Se verifico la corriente de trabajo del motor ? | H45: M | I45: OK | L45: L2 : | M45: 4.45
I46: OK | L46: L3 : | M46: 4.68
B47: ¿ Se encuentra en condiciones operacionales la línea piloto ? | H47: M | I47: OK
B48: ¿ Se encuentra el manómetro de la línea piloto operando ? | H48: M | I48: OK
B49: ¿ Cumple de acuerdo a los estándares la línea piloto ? | H49: A | I49: OK | L49: N.F.P.A 20
B50: ¿ Se encuentra en buen estado el acoplamiento mecánico ? | H50: M | I50: OK
B51: ¿ Cuenta con las guardas el acoplamiento mecánico ? | H51: M | I51: OK
B52: ¿ Se encuentran bien apretados los conductores eléctricos en bornes y terminales ? | H52: M | I52: OK
B53: ¿ Los empaques operan correctamente ? | H53: M | I53: OK
B54: Funciona el equipo en automático | I54: OK
B55: Presión Arranque | H55: M | I55: OK | L55: Psi | M55: 145
B56: Presión Paro | I56: OK | L56: Psi | M56: 160
B57: ¿ El selector de operación funciona adecuadamente ? | H57: M | I57: OK
B58: ¿ Se encuentra el manómetro de la línea de descarga operando ? | H58: M | I58: OK
B59: ¿ Se observan vibraciones o ruidos anormales ? | H59: M | I59: OK
B60: ¿ Se encuentran sin calentamiento los valeros de la bomba ? | H60: M | I60: OK
B61: ¿ Se encuentra sin calentamiento el cuerpo de la bomba ? | H61: M | I61: OK
B62: ¿ Se encuentra sin calentamiento los baleros del motor ? | H62: M | I62: OK
B63: ¿ Se encuentra sin calentamiento la carcaza del motor ? | H63: M | I63: OK
B64: ¿ Se encuentra ajustada la válvula de alivio ? | H64: M | I64: OK | L64: Psi | M64: 175
B65: ¿ Se verifico la velocidad de la moto-bomba ? | H65: M | I65: OK | L65: RPM | M65: 3538
B66: ¿ La instalación eléctrica esta libre de daños ? | H66: M | I66: OK
B67: ¿ El interruptor de Presión es el aprobado ? | H67: M | I67: OK | L67: UL CSA
B68: ¿ El anclaje de la bomba es adecuado ? | H68: M | I68: OK
B69: ¿ La válvula check sella correctamente ? | H69: M | I69: OK
B70: ¿ La soportería de la tubería está en buenas condiciones físicas ? | H70: M | I70: OK
B71: ¿ Se efectúo la limpieza del tablero | H71: M | I71: OK
B72: Mantenimiento a dispositivos y accesorios del tablero de control | H72: M | I72: OK
B74: OBSERVACIONES:
B75: Tubería de descarga requiere mayor soportería.
B76: Se escuchan ruidos anormales durante las pruebas de encendido
G81: ELABORO :
G82: =M8 -> Santiago Campos
G84: =M9 -> 16 de Julio del 2025
G85: NOMBRE, FIRMA Y FECHA

Sheet Bomba Combustion
Q1: FIRE CONTROL SYSTEMS
Q2: Bucarest 12 Terranova Nogales, Sonora
Q3: Tel. 104-1127 Cel. 631-357-9141 las 24 Hrs.
Q4: Patricia Campos Badillo
Q5: RFC. CABP721117CW7
Q6: E. Mail: firecontrolsystems@hotmail.com
B7: REPORTE DE INSPECCION, PRUEBAS Y MANTENIMIENTO DEL EQUIPO DE BOMBEO DE COMBUSTION
B8: CLIENTE: | C8: Master Lock de Nogales Planta 2 | M8: CONTRATO : | P8: Mensual
B9: ATENCIÓN: | C9: Ing. Julio Landabazo | M9: INSPECTOR : | P9: Santiago Campos
B10: SERVICIO: | C10: ='Tanque Agua'!C10 -> 7 de 12 | M10: FECHA : | P10: ='Tanque Agua'!M10 -> 16 de Julio del 2025
C12: BOMBA PRINCIPAL
B14: f = FRECUENCIA M = MENSUAL Q = TRIMESTRAL A = ANUAL | H14: S: SATISFACTORIO N/A: NO APLICA N: NO SATISFACTORIO
B16: MOTOBOMBA DE COMBUSTION INTERNA. | H16: f | I16: S | J16: N/A | K16: N | L16: PARAMETROS | M16: LECTURAS | P16: COMENTARIOS
B17: ¿ La válvula de succión esta abierta ? | H17: M | I17: OK
B18: ¿ La válvula de descarga esta abierta ? | H18: M | I18: OK
B19: ¿ La válvula de succión abre y cierra correctamente ? | H19: M | I19: OK
B20: ¿ La válvula de descarga abre y cierra correctamente ? | H20: M | I20: OK
B21: ¿ La válvula de succión esta asegurada y/o supervisada ? | H21: M | I21: OK
B22: ¿ La válvula de descarga esta asegurada y/o supervisada ? | H22: M | I22: OK
B23: ¿ La válvula de succión es la adecuada ? | H23: M | I23: OK
B24: ¿ La válvula de descarga es la adecuada ? | H24: M | I24: OK
B25: ¿ Se encontró el selector en automático ? | H25: A | I25: OK | L25: de 15 a 40 | M25: 34 | P25: 45809
B26: ¿ Opera correctamente el Interruptor principal del tablero de control ? | H26: A | I26: OK | L26: de 15 a 40 | M26: 34 | P26: 45809
B27: ¿ Se encontró el equipo en automático ? | H27: M | I27: OK
B28: ¿ Se encontró el foco piloto de automático encendido ? | H28: M | I28: OK
B29: ¿ Se encontraron los focos pilotos de los bancos de baterías encendidos ? | H29: M | I29: OK
B30: ¿ Se encontró el tablero de control cerrado y asegurado ? | H30: M | I30: OK
B31: ¿ El tablero y sus componentes siguen aprobados ? | H31: M | I31: OK | M31: UL FM
B32: ¿ El interruptor de presión es aprobado ? | H32: M | I32: OK | M32: UL CSA
B33: ¿ El cargador de baterías funciona correctamente ? | I33: OK
B34: Banco # 1 | H34: M | I34: OK | L34: VOLTS DC | M34: 13
B35: Banco # 2 | I35: OK | L35: VOLTS DC | M35: 13.2
B36: Verificar el voltaje de alimentación del tablero | H36: M | I36: OK | L36: VOLTS AC | M36: 122.1
B37: ¿ Se encuentra el manómetro de la línea piloto operando ? | H37: M | I37: OK
B38: ¿ Cumple de acuerdo a los estándares la línea piloto ? | H38: M | I38: OK
B39: ¿ Se encuentra en buen estado el acoplamiento mecánico ? | H39: M | I39: OK
B40: ¿ Cuenta con las guardas el acoplamiento mecánico ? | H40: M | I40: OK
B41: ¿ Cuenta con la guarda el volante ? | H41: M | I41: OK
B42: ¿ Cuenta con guarda las bandas ? | H42: M | I42: OK
B43: ¿ El nivel de anticongelante es el adecuado en el motor ? | H43: M | I43: OK
B44: ¿ El nivel del aceite es el adecuado en el motor ? | H44: M | I44: OK
B45: ¿ Temperatura del motor antes del arranque es adecuada ? | H45: M | I45: OK | L45: 20°C - 60° | M45: 40°
B46: ¿ El precalentador opera correctamente ? | H46: M | I46: OK
B47: ¿ El nivel del liquido de las baterías es el adecuado ? | I47: OK
B48: Banco # 1 | H48: M | I48: OK
B49: Banco # 2 | I49: OK
B50: ¿ La densidad del liquido de baterías es el adecuado ? | I50: OK
B51: Banco # 1 | H51: M | I51: OK
B52: Banco # 2 | I52: OK
B53: ¿ El voltaje de las baterías es el adecuado ? | H53: M | I53: OK
B54: Banco # 1 | I54: OK | L54: VOLTS DC | M54: 13.26
B55: Banco # 2 | I55: OK | L55: VOLTS DC | M55: 13.33
B56: ¿ Se encuentran bien apretados los conductores eléctricos en bornes y terminales ? | H56: M | I56: OK
B57: ¿ Se encontraron las válvulas de la línea de enfriamiento en su posición correcta y asegurada ? | H57: M | I57: OK
B58: ¿ La válvula solenoide opera correctamente ? | H58: M | I58: OK
B59: ¿ Las líneas de combustible están libres de fugas y daños ? | H59: M | I59: OK
B60: ¿ Las líneas de combustible cumplen con los requerimientos ? | H60: M | I60: OK
B61: ¿ El tanque de combustible tiene el nivel adecuado ? | H61: M | I61: OK | L61: Mìnimo 3/4 | M61: 0.82
B62: ¿ La válvula de alimentación de combustible se encontró abierta y asegurada ? | H62: M | I62: OK
B63: ¿ La instalación del tanque de combustible es la adecuada ? | H63: M | I63: OK
B64: ¿ Se realizo la remoción de sedimentos del tanque de combustible ? | H64: M | I64: OK
B65: ¿ La línea de escape esta instalada adecuadamente ? | H65: M | I65: OK
B66: ¿ El nivel de aceite es el adecuado en el motor y/o cabezal de engranes ? | H66: M | I66: OK | L66: s/ Fabricante
B67: ¿ Se encuentra el estopero lubricado antes del arranque ? | H67: M | I67: OK
B68: ¿ Se verifico el funcionamiento de la válvula eliminadora de aire ? | H68: M | I68: OK
B69: ¿ El anclaje de la motobomba es uniforme ? | H69: M | I69: OK
B70: ¿ El drenaje de la carcaza esta libre de obstrucciones ? | H70: M | I70: OK
B71: ¿ La válvula check sella correctamente ? | H71: M | I71: OK
B72: ¿ Cuenta con válvula de recirculación ? | H72: M | I72: OK
B73: ¿ La válvula de alivio esta instalada adecuadamente ? | H73: M | I73: OK
B74: ¿ Los medidores de presión, de succión y descarga son los adecuados ? | H74: M | I74: OK
B75: ¿ Los soportes de las tuberías están en buenas condiciones y son las adecuadas ? | H75: M | I75: OK
B76: ¿ La instalación eléctrica esta libre de daños ? | H76: M | I76: OK
B77: ¿ Opero la simulación de la falla de los bancos de baterías ? | H77: M | I77: OK
B78: ¿ Opero la simulación de la falla de bajo nivel de combustible ? | H78: M | I78: OK
... B82: ¿ La señal audible local opera ? | H82: M | I82: OK
B83: Funciona el equipo en automático: | I83: OK
B84: - Presión de arranque | I84: OK | L84: Psi | M84: 135
B85: - Presión de paro | H85: M | I85: OK | L85: Psi | M85: 150 | P85: Paro manual
B86: - Tiempo de retardo para el arranque | I86: OK | L86: SEGUNDOS | M86: 6
B87: - Tiempo de retardo después de restablecer la presión | J87: N/A
B88: ¿ Funciona la supervisión local de equipo funcionando ? | H88: M | I88: OK
B89: ¿ Funciona la supervisión remota de equipo funcionando ? | H89: M | I89: OK
B90: ¿ El manómetro de la línea de enfriamiento funciona adecuadamente ? | H90: M | I90: OK
B91: PRESIONES DURANTE LA PRUEBA DE ENCENDIDO
B92: ¿ La presión de la línea de enfriamiento es adecuada ? | H92: M | I92: OK | L92: 25 - 75 PSI | M92: 48
B93: ¿ Se verifico la presión de aceite del motor que sea la adecuada ? | H93: M | I93: OK | L93: Psi | M93: 75
B94: ¿ Opera correctamente la supervisión de baja presión de aceite ? | H94: M | I94: OK
B95: ¿ Se registro la lectura del indicador de la presión de succión ? | H95: M | I95: OK | L95: Psi | M95: 12
B96: ¿ La presión de descarga es la adecuada ? | H96: M | I96: OK | L96: Psi | M96: 153
B97: ¿ Se encuentra el manómetro de la línea de descarga operando ? | H97: M | I97: OK
B98: ¿ Se encuentra en condiciones operacionales la línea piloto ? | H98: M | I98: OK
B99: ¿ Se verifico la velocidad de la bomba ? | H99: M | I99: OK | L99: RPM | M99: 1819
B100: ¿ Opera correctamente la supervisión de sobre velocidad del motor ? | H100: M | I100: OK
B101: ¿ Se observan vibraciones o ruidos anormales ? | H101: M | I101: OK
B102: TEMPERATURAS DURANTE LA PRUEBA DE ENCENDIDO
B103: ¿ La temperatura del agua de enfriamiento del motor es la adecuada ? | H103: M | I103: OK | L103: menor a 100°C | M103: 81°
B104: ¿ Se verifico la temperatura de aceite del motor que sea la adecuada ? | H104: M | I104: OK | L104: °C | M104: 88°
B105: ¿ Se verifico que la temperatura del bloque del motor que sea la adecuada ? | H105: M | I105: OK | L105: menor a 130°C | M105: 93°
B106: ¿ Se encuentran sin calentamiento los estoperos ? | H106: M | I106: OK | L106: ºC | M106: 35° - 34°
...

Sheet Vàlvulas anual
T1: FIRE CONTROL SYSTEMS
T2: Bucarest 12 Terranova Nogales, Sonora
T3: Tel. 104-1127 Cel. 631-357-9141 las 24 Hrs.
T4: Patricia Campos Badillo
T5: RFC. CABP721117CW7
B6: REPORTE DE INSPECCIÓN, PRUEBAS Y MANTENIMIENTO A VÁLVULAS DE CONTROL Y SECCIONADORAS | T6: firecontrolsystems@hotmail.com
B7: CLIENTE : | D7: Master Lock de Nogales Planta 2 | P7: CONTRATO : | R7: Mensual
B8: ATENCION : | D8: Ing. Julio Landabazo | P8: INSPECTOR : | R8: Santiago Campos
B9: SERVICIO : | D9: ='Tanque Agua'!C10 -> 7 de 12 | P9: FECHA : | R9: 23 de mayo del 2024
D11: Válvulas de Control y Seccionadoras
B13: f = FRECUENCIA M = MENSUAL Q = TRIMESTRAL A = ANUAL | I13: S: SATISFACTORIO N/A: NO APLICA N: NO SATISFACTORIO
B15: LISTA DE REVISION (CHECK LIST):
B16: Dirección | D16: Ubicacion de la Valvula | F16: Area Controlada | J16: Tipo | K16: Abierta | L16: Cerrada | M16: Enllavada | N16: Bloqueada | O16: Monitoreada | P16: Nº Vueltas | Q16: Fecha de Prueba | R16: Observaciones
B17: M-066 | D17: Tanque de Abastecimiento de Agua | F17: Todo el sistema (Succión Bomba Diesel) | J17: OS&V | K17: OK | M17: OK | N17: NO | O17: OK | P17: 34 | Q17: 45809
B18: M-061 | D18: Interior del Cuarto de Bombas | F18: Todo el sistema (Descarga Diesel) | J18: OS&V | K18: OK | M18: OK | N18: NO | O18: OK | P18: 35 | Q18: 45809
B19: N/A | D19: Interior del Cuarto de Bombas | F19: Manifoul de pruebas | J19: OS&V | L19: OK | M19: OK | N19: NO | O19: N/A | P19: N/A | Q19: 45810
B20: N/A | D20: Exterior del Cuarto de Bombas | F20: Succion Bomba Jockey (Todo el Edificio) | J20: Comp. | K20: OK | M20: OK | N20: NO | O20: N/A | P20: 9.75 | Q20: 45811
B21: N/A | D21: Interior del Cuarto de Bombas | F21: Descarga Bomba Jockey (Todo el Edificio) | J21: Comp. | K21: OK | M21: OK | N21: NO | O21: N/A | P21: 8.5 | Q21: 45812
B22: N/A | D22: Interior del Cuarto de Bombas | F22: Sistema de Rociadores Cuarto de Bombas | J22: Comp. | K22: OK | M22: OK | N22: NO | O22: N/A | P22: 9.5 | Q22: 45813
B23: M-092 | D23: Exterior Puerta de emergancia # 11 | F23: Sistema de Rociadores Nº 1 | J23: OS&V | K23: OK | M23: OK | N23: NO | O23: OK | P23: 20.5 | Q23: 45814
B24: M-026 | D24: A un lado salida de emergencia # 11 | F24: Sistema de Rociadores en Racks 1A | J24: IBV | K24: OK | M24: OK | N24: NO | O24: OK | P24: 16.5 | Q24: 45815
D25: Derivacion cabezal sistema 1A | F25: Ampliación Rociadores in rack almacen | J25: IBV | K25: OK | M25: X | N25: NO | O25: OK | P25: 12 | Q25: 45816
B26: M-028 | D26: A un lado salida de emergencia # 11 | F26: Sistema de Rociadores 1B fuera de servicio | J26: IBV | L26: OK | M26: OK | N26: NO | O26: OK | P26: N/A | Q26: 45817 | R26: FUERA DE SERVICIO
B27: M-009 | D27: Exterior Puerta de emergencia Nº 1 | F27: Sistema de Rociadores Nº 2 | J27: OS&V | K27: OK | M27: OK | N27: NO | O27: OK | P27: 20.5 | Q27: 45818
B28: M-007 | D28: En Raiser Sistema 2A | F28: Sistema de Rociadores in Racks 2A | J28: IBV | K28: OK | M28: OK | N28: NO | O28: OK | P28: 16 | Q28: 45819
B29: M-013 | D29: Exterior Puerta de emergencia Nº 2 | F29: Sistema de Rociadores Nº 3 | J29: OS&V | K29: OK | M29: OK | N29: NO | O29: OK | P29: 20.25 | Q29: 45820
B30: M-012 | D30: En Raiser Sistema 3A | F30: Sistema de Rociadores en Racks 3A | J30: IBV | K30: OK | M30: OK | N30: NO | O30: OK | P30: 16 | Q30: 45821
B31: M-020 | D31: Exterior Rampa Automotriz | F31: Sistema de Rociadores Nº 4 | J31: OS&V | K31: OK | M31: OK | N31: NO | O31: OK | P31: 20.5 | Q31: 45822
B32: M-086 | D32: Patio frente area de compresores | F32: Sistema de Rociadores Nº 5 | J32: PIV | K32: OK | M32: OK | N32: NO | O32: OK | P32: 20.5 | Q32: 45823 | R32: requiere lubricación
B33: M-017 | D33: Exterior Cuarto de Bombas | F33: Sistema de Rociadores Nº 6 | J33: OS&V | K33: OK | M33: OK | N33: NO | O33: OK | P33: 20.25 | Q33: 45824
B34: M-021 | D34: Exterior Rampa Automotriz | F34: Sistema de Rociadores Nº 7 | J34: OS&V | L34: OK | M34: OK | N34: NO | O34: OK | P34: N/A | Q34: 45825 | R34: FUERA DE SERVICIO
B35: M-091 | D35: Exterior recepciòn | F35: Sistema de Rociadores Nº 9 | J35: PIV | K35: OK | M35: OK | N35: NO | O35: OK | P35: 20 | Q35: 45826
B36: M-003 | D36: En Raiser Sistema 9 A | F36: Sistema de Rociadores in Racks 9A | J36: IBV | K36: OK | M36: OK | N36: NO | O36: OK | P36: 16.5 | Q36: 45827
B37: M- 034 | D37: Exterior Cocina | F37: Vàlvula Seccionadora (Todo el Edificio) | J37: PIV | L37: OK | M37: OK | N37: NO | O37: OK | P37: xxx | Q37: 45828 | R37: no responde a la manipulación
B38: M-032 | D38: Estacionamiento | F38: Vàlvula Seccionadora (Todo el Edificio) | J38: PIV | K38: OK | M38: OK | N38: NO | O38: OK | P38: 26 | Q38: 45829
B39: M-021 | D39: Exterior Cortina Automotriz | F39: Vàlvula Seccionadora | J39: PIV | K39: OK | M39: OK | N39: NO | O39: OK | P39: 26 | Q39: 45830 | R39: requiere lubricación
B40: M- 029 | D40: Patio Oriente 1 (afuera cuarto de Bombas) | F40: Vàlvula Seccionadora (Todo el Edificio) | J40: PIV | K40: OK | M40: OK | N40: NO | O40: OK | P40: 32.5 | Q40: 45831
B41: M-030 | D41: Patio Oriente 2 (afuera cuarto de Bombas) | F41: Vàlvula Seccionadora (Todo el Edificio) | J41: PIV | K41: OK | M41: OK | N41: NO | O41: OK | P41: 32.75 | Q41: 45832
B42: N/A | D42: Estacionamiento limite de instalaciones | F42: A futuro | J42: PIV | L42: OK | M42: OK | N42: NO | O42: N/A | P42: N/A | Q42: 45833
B43: N/A | D43: Estacionamiento | F43: Interconexion con ITT CANNON | J43: PIV | L43: OK | M43: OK | N43: NO | O43: N/A | P43: N/A | Q43: 45834
B44: N/A | D44: Patio noroeste | F44: Interconexion con ITT CANNON | J44: PIV | L44: OK | M44: OK | N44: NO | O44: N/A | P44: N/A | Q44: 45835
B46: OBSERVACIONES :
B48: Se realizo la prueba annual de conteo de vueltas de cierre y apertura a las válvulas de control y seccionadoras.
B49: Válvula seccionadora instalada en exterior de cocina requieren no responden a la manipulación.
B50: Se lubricaron todas las válvulas
H53: ELABORO :
H54: =R8 -> Santiago Campos
H56: =R9 -> 23 de mayo del 2024
H57: NOMBRE, FIRMA Y FECHA

Sheet Vàlvulas
R1: FIRE CONTROL SYSTEMS
R2: Bucarest 12 Terranova Nogales, Sonora
R3: Tel. 104-1127 Cel. 631-357-9141 las 24 Hrs.
R4: Patricia Campos Badillo
R5: RFC. CABP721117CW7
B6: REPORTE DE INSPECCIÓN, PRUEBAS Y MANTENIMIENTO A VÁLVULAS DE CONTROL Y SECCIONADORAS | R6: firecontrolsystems@hotmail.com
B7: CLIENTE : | D7: Master Lock de Nogales Planta 2 | O7: CONTRATO : | P7: Mensual
B8: ATENCION : | D8: Ing. Julio Landabazo | O8: INSPECTOR : | P8: Santiago Campos
B9: SERVICIO : | D9: ='Tanque Agua'!C10 -> 7 de 12 | O9: FECHA : | P9: 16 de julio del 2025
D11: Válvulas de Control y Seccionadoras
B13: f = FRECUENCIA M = MENSUAL Q = TRIMESTRAL A = ANUAL | I13: S: SATISFACTORIO N/A: NO APLICA N: NO SATISFACTORIO
B15: LISTA DE REVISION (CHECK LIST):
B16: Dirección | D16: Ubicacion de la Valvula | F16: Area Controlada | J16: Tipo | K16: Abierta | L16: Cerrada | M16: Enllavada | N16: Bloqueada | O16: Monitoreada | P16: Observaciones
B17: M-066 | D17: Tanque de Abastecimiento de Agua | F17: Todo el sistema (Succión Bomba Diesel) | J17: OS&V | K17: OK | M17: OK | N17: NO | O17: OK
B18: M-061 | D18: Interior del Cuarto de Bombas | F18: Todo el sistema (Descarga Diesel) | J18: OS&V | K18: OK | M18: OK | N18: NO | O18: OK
B19: N/A | D19: Interior del Cuarto de Bombas | F19: Manifoul de pruebas | J19: OS&V | L19: OK | M19: OK | N19: NO | O19: N/A
B20: N/A | D20: Exterior del Cuarto de Bombas | F20: Succion Bomba Jockey (Todo el Edificio) | J20: Comp. | K20: OK | M20: OK | N20: NO | O20: N/A
B21: N/A | D21: Interior del Cuarto de Bombas | F21: Descarga Bomba Jockey (Todo el Edificio) | J21: Comp. | K21: OK | M21: OK | N21: NO | O21: N/A
B22: N/A | D22: Interior del Cuarto de Bombas | F22: Sistema de Rociadores Cuarto de Bombas | J22: Comp. | K22: OK | M22: OK | N22: NO | O22: N/A
B23: M-092 | D23: Exterior Puerta de emergancia # 11 | F23: Sistema de Rociadores Nº 1 | J23: OS&V | K23: OK | M23: OK | N23: NO | O23: OK
B24: M-026 | D24: A un lado salida de emergencia # 11 | F24: Sistema de Rociadores en Racks 1A | J24: IBV | K24: OK | M24: OK | N24: NO | O24: OK
B25: M-028 | D25: A un lado salida de emergencia # 11 | F25: Sistema de Rociadores 1B | J25: IBV | L25: OK | M25: OK | N25: NO | O25: X | P25: FUERA DE SERVICIO
B26: M-009 | D26: Exterior Puerta de emergencia Nº 1 | F26: Sistema de Rociadores Nº 2 | J26: OS&V | K26: OK | M26: OK | N26: NO | O26: OK
B27: M-007 | D27: En Raiser Sistema 2A | F27: Sistema de Rociadores in Racks 2A | J27: IBV | K27: OK | M27: OK | N27: NO | O27: OK
B28: M-013 | D28: Exterior Puerta de emergencia Nº 2 | F28: Sistema de Rociadores Nº 3 | J28: OS&V | K28: OK | M28: OK | N28: NO | O28: OK
B29: M-012 | D29: En Raiser Sistema 3A | F29: Sistema de Rociadores en Racks 3A | J29: IBV | K29: OK | M29: OK | N29: NO | O29: OK
B30: M-017 | D30: Exterior Cuarto de Bombas | F30: Sistema de Rociadores Nº 6 | J30: OS&V | K30: OK | M30: OK | N30: NO | O30: OK
B31: M-086 | D31: Patio frente area de compresores | F31: Sistema de Rociadores Nº 5 | J31: PIV | K31: OK | M31: OK | N31: NO | O31: OK | P31: requiere lubricación cada mes
B32: M-020 | D32: Exterior Rampa Automotriz | F32: Sistema de Rociadores Nº 4 | J32: OS&V | K32: OK | M32: OK | N32: NO | O32: OK
B33: M-021 | D33: Exterior Rampa Automotriz | F33: Sistema de Rociadores Nº 7 | J33: OS&V | L33: OK | M33: OK | N33: NO | O33: OK | P33: FUERA DE SERVICIO
B34: M-091 | D34: Exterior recepciòn | F34: Sistema de Rociadores Nº 9 | J34: PIV | K34: OK | M34: OK | N34: NO | O34: OK
B35: M-003 | D35: En Raiser Sistema 9 A | F35: Sistema de Rociadores in Racks 9A | J35: IBV | K35: OK | M35: OK | N35: NO | O35: OK
B36: M- 090 | D36: Derivacion cabezal sistema 1A | F36: Ampliación Rociadores in rack almacen | J36: IBV | K36: OK | M36: X | N36: NO | O36: OK
B37: N/A | D37: Estacionamiento | F37: Interconexion con ITT CANNON | J37: PIV | L37: OK | M37: OK | N37: NO | O37: N/A
B38: N/A | D38: Patio noroeste | F38: Interconexion con ITT CANNON | J38: PIV | L38: OK | M38: OK | N38: NO | O38: N/A
B39: M-021 | D39: Exterior Cortina Automotriz | F39: Vàlvula Seccionadora | J39: PIV | K39: OK | M39: OK | N39: NO | O39: OK
B40: M- 029 | D40: Patio Oriente 1 (afuera cuarto de Bombas) | F40: Vàlvula Seccionadora (Todo el Edificio) | J40: PIV | K40: OK | M40: OK | N40: NO | O40: OK
B41: M-030 | D41: Patio Oriente 2 (afuera cuarto de Bombas) | F41: Vàlvula Seccionadora (Todo el Edificio) | J41: PIV | K41: OK | M41: OK | N41: NO | O41: OK
B42: N/A | D42: Estacionamiento limite de instalaciones | F42: A futuro | J42: PIV | L42: OK | M42: OK | N42: NO | O42: N/A
B43: M- 034 | D43: Exterior Cocina | F43: Vàlvula Seccionadora (Todo el Edificio) | J43: PIV | L43: OK | M43: OK | N43: NO | O43: OK | P43: no responde a la manipulación
B44: M-032 | D44: Estacionamiento | F44: Vàlvula Seccionadora (Todo el Edificio) | J44: PIV | K44: OK | M44: OK | N44: NO | O44: X
B46: OBSERVACIONES :
B48: Se realizo manipulación mensual (3 vueltas) a las válvulas de control y seccionadoras.
B49: Válvulas seccionadora instalada en: exterior de cocina requiere lubricación, ya que no responde a la manipulación.
B50: TOMA SIAMESA ESTA FUGANDO
H53: ELABORO :
H54: =P8 -> Santiago Campos
H56: =P9 -> 16 de julio del 2025
H57: NOMBRE, FIRMA Y FECHA

Sheet Hidrantes Exteriores
T1: FIRE CONTROL SYSTEMS
T2: Bucarest 12 Terranova Nogales, Sonora
T3: Tel. 104-1127 Cel. 631-357-9141 las 24 Hrs.
T4: Patricia Campos Badillo
T5: RFC. CABP721117CW7
B6: REPORTE DE INSPECCION, PRUEBAS Y MANTENIMIENTO A SISTEMAS DE HIDRANTES EXTERIORES | T6: firecontrolsystems@hotmail.com
B7: CLIENTE: | C7: Master Lock de Nogales Planta 2 | O7: CONTRATO : | R7: Mensual
B8: ATENCIÓN: | C8: Ing. Julio Landabazo | O8: INSPECTOR : | R8: Santiago Campos
B9: SERVICIO: | C9: ='Tanque Agua'!C10 -> 7 de 12 | O9: FECHA : | R9: ='Tanque Agua'!M10 -> 16 de Julio del 2025
C11: HIDRANTES EXTERIORES
C13: SATISFACTORIO : | E13: OK | H13: NO SATISFACTORIO : | L13: X | M13: NO APLICA : | S13: N/A
G15: NUMERO DE HIDRANTE : | H15: 1 | I15: 2 | J15: 3 | K15: 4 | L15: 5 | M15: 6 | N15: 7 | O15: 8 | P15: 9 | Q15: 10
B17: HIDRANTES EXTERIORES | R17: Comentarios
B18: ¿ El sistema se encontró en servicio ? | H18: OK | I18: OK | J18: OK | K18: OK | L18: OK | M18: OK | N18: OK | O18: OK | P18: OK | Q18: OK
B19: ¿ La válvula de control esta libre de fugas en posición de abierto ? | H19: OK | I19: OK | J19: OK | K19: OK | L19: OK | M19: OK | N19: OK | O19: OK | P19: OK | Q19: OK
B20: ¿ El hidrante presenta fugas ? | H20: OK | I20: OK | J20: OK | K20: OK | L20: OK | M20: OK | N20: OK | O20: OK | P20: OK | Q20: OK
B21: ¿ Tiene tapones las salidas del hidrante ? | H21: OK | I21: OK | J21: OK | K21: OK | L21: OK | M21: OK | N21: OK | O21: OK | P21: OK | Q21: OK
B22: ¿ El área del hidrante esta libre y despejada ? | H22: OK | I22: OK | J22: OK | K22: OK | L22: OK | M22: OK | N22: OK | O22: OK | P22: OK | Q22: OK
B23: ¿ Es fácil el acceso hacia el hidrante ? | H23: OK | I23: OK | J23: OK | K23: OK | L23: OK | M23: OK | N23: OK | O23: OK | P23: OK | Q23: OK
B24: ¿ El hidrante es visible a distancia ? | H24: OK | I24: OK | J24: OK | K24: OK | L24: OK | M24: OK | N24: OK | O24: OK | P24: OK | Q24: OK
B25: ¿ El hidrante cuenta con identificación ? | H25: OK | I25: OK | J25: OK | K25: OK | L25: OK | M25: OK | N25: OK | O25: OK | P25: OK | Q25: OK
B26: ¿ Al abrir el hidrante presenta fuga por los tapones ? | H26: OK | I26: OK | J26: OK | K26: OK | L26: OK | M26: OK | N26: OK | O26: OK | P26: OK | Q26: OK
B27: ¿ Los dispositivos están en buenas condiciones físicas ? | H27: OK | I27: OK | J27: OK | K27: OK | L27: X | M27: X | N27: X | O27: OK | P27: OK | Q27: OK
B28: ¿ Se encuentran las salidas equipadas con adaptador reductor de manguera? | H28: OK | I28: OK | J28: OK | K28: OK | L28: OK | M28: OK | N28: OK | O28: OK | P28: OK | Q28: OK
B29: ¿ El hidrante cuenta con un gabinete de mangueras cercano ? | H29: OK | I29: OK | J29: OK | K29: OK | L29: OK | M29: OK | N29: OK | O29: OK | P29: OK | Q29: OK
... B39: ¿ Las características de la manguera son las adecuadas para el riesgo ? | H39: OK | I39: OK | J39: OK | K39: OK | L39: OK | M39: OK | N39: OK | O39: OK | P39: OK | Q39: OK
B40: ¿ Resulto satisfactoria la prueba hidrostática a la manguera ? | G40: 5 años | H40: X | I40: X | J40: X | K40: X | L40: X | M40: X | N40: X | O40: X | P40: X | Q40: X | R40: 45231
B41: ¿ Se realizo flusheo del Hidrante ? | H41: OK | I41: OK | J41: OK | K41: OK | L41: OK | M41: OK | N41: OK | O41: OK | P41: OK | Q41: OK | R41: 45342
B43: OBSERVACIONES:
B45: Gabinete en estacionamiento tiene la manguera dañada.
G51: ELABORO :
G52: =R8 -> Santiago Campos
G54: =R9 -> 16 de Julio del 2025
G55: NOMBRE, FIRMA Y FECHA

Sheet Hidrantes Interiores
S1: FIRE CONTROL SYSTEMS
S2: Bucarest 12 Terranova Nogales, Sonora
S3: Tel. 104-1127 Cel. 631-357-9141 las 24 Hrs.
S4: Patricia Campos Badillo
S5: RFC. CABP721117CW7
B6: REPORTE MENSUAL DE INSPECCION, PRUEBAS Y MANTENIMIENTO A SISTEMAS DE HIDRANTES INTERIORES | S6: E. Mail: firecontrolsystems@hotmail.com
B7: CLIENTE: | C7: Master de Nogales Planta 2 | P7: CONTRATO : | S7: Mensual
B8: ATENCIÓN: | C8: Ing. Julio Landabazo | P8: INSPECTOR : | S8: Santiago Campos
B9: SERVICIO: | C9: ='Tanque Agua'!C10 -> 7 de 12 | P9: FECHA : | S9: 17 de Julio del 2025
C11: SATISFACTORIO : | E11: OK | G11: NO SATISFACTORIO : | K11: X | L11: NO APLICA : | R11: N/A
G13: 1 | H13: 2 | I13: 3 | J13: 4 | K13: 5 | L13: 6 | M13: 7 | N13: 8 | O13: 9 | P13: 10 | Q13: 11 | R13: 12
B14: HIDRANTES INTERIORES | S14: Observaciones
B15: ¿ El sistema se encontró en servicio ? | G15: OK | H15: OK | I15: OK | J15: OK | K15: OK | L15: OK | M15: OK | N15: OK | O15: OK | P15: OK | Q15: OK | R15: OK
B16: ¿ Funciona el detector de flujo ? | G16: OK | H16: OK | I16: OK | J16: OK | K16: OK | L16: OK | M16: OK | N16: OK | O16: OK | P16: OK | Q16: OK | R16: OK
B17: ¿ Funciona el supervisor de válvula ? | G17: OK | H17: OK | I17: OK | J17: OK | K17: OK | L17: OK | M17: OK | N17: OK | O17: OK | P17: OK | Q17: OK | R17: OK
B18: ¿ Funciona la válvula de alarma del sistema ? | G18: OK | H18: OK | I18: OK | J18: OK | K18: OK | L18: OK | M18: OK | N18: OK | O18: OK | P18: OK | Q18: OK | R18: OK
B19: ¿ La válvula de control esta libre de fugas en posición de abierto ? | G19: OK | H19: OK | I19: OK | J19: OK | K19: OK | L19: OK | M19: OK | N19: OK | O19: OK | P19: OK | Q19: OK | R19: OK
B20: ¿ El área del hidrante esta libre y despejada ? | G20: OK | H20: OK | I20: OK | J20: OK | K20: OK | L20: OK | M20: OK | N20: OK | O20: OK | P20: OK | Q20: OK | R20: OK
B21: ¿ Es fácil el acceso hacia el hidrante ? | G21: OK | H21: OK | I21: OK | J21: OK | K21: OK | L21: OK | M21: OK | N21: OK | O21: OK | P21: OK | Q21: OK | R21: Ok
B22: ¿ El hidrante es visible a distancia ? | G22: OK | H22: OK | I22: OK | J22: OK | K22: OK | L22: OK | M22: OK | N22: OK | O22: OK | P22: OK | Q22: OK | R22: OK
B23: ¿ El hidrante cuenta con identificación ? | G23: OK | H23: OK | I23: OK | J23: OK | K23: OK | L23: OK | M23: OK | N23: OK | O23: OK | P23: OK | Q23: OK | R23: OK
B24: ¿ Las conexiones del dren se encuentran libres de fugas ? | G24: OK | H24: OK | I24: OK | J24: OK | K24: OK | L24: OK | M24: OK | N24: OK | O24: OK | P24: OK | Q24: OK | R24: OK
B25: ¿ La válvula de la manguera se encuentra libre de daño físico ? | G25: OK | H25: OK | I25: OK | J25: OK | K25: OK | L25: OK | M25: OK | N25: OK | O25: OK | P25: OK | Q25: OK | R25: OK | V25: de
B26: ¿ La soportería es la adecuada ? | G26: OK | H26: OK | I26: OK | J26: OK | K26: OK | L26: OK | M26: OK | N26: OK | O26: OK | P26: OK | Q26: OK | R26: OK
B27: ¿ Se encuentra sin daño la manguera ? | G27: OK | H27: OK | I27: OK | J27: OK | K27: OK | L27: OK | M27: OK | N27: OK | O27: OK | P27: OK | Q27: OK | R27: OK
B28: ¿ Cuenta con empaques las conexiones de la manguera ? | G28: OK | H28: OK | I28: OK | J28: OK | K28: OK | L28: OK | M28: OK | N28: OK | O28: OK | P28: OK | Q28: OK | R28: OK
B29: ¿ El hidrante cuenta con llave para acoplamiento? | G29: X | H29: X | I29: X | J29: X | K29: X | L29: X | M29: X | N29: X | O29: X | P29: X | Q29: X | R29: X
B30: ¿ El chiflón se encuentra en buen estado ? | G30: OK | H30: OK | I30: OK | J30: OK | K30: OK | L30: OK | M30: OK | N30: OK | O30: OK | P30: OK | Q30: OK | R30: OK
B31: ¿ El chiflón opera suavemente todo el rango de apertura y cierre ? | G31: OK | H31: OK | I31: OK | J31: OK | K31: OK | L31: OK | M31: OK | N31: OK | O31: OK | P31: OK | Q31: OK | R31: OK
B32: ¿ Esta conectada la manguera ? | G32: OK | H32: OK | I32: OK | J32: OK | K32: OK | L32: OK | M32: OK | N32: OK | O32: OK | P32: OK | Q32: OK | R32: OK
B33: ¿ Son compatibles las cuerdas del cople, la manguera y el chiflón ? | G33: OK | H33: OK | I33: OK | J33: OK | K33: OK | L33: OK | M33: OK | N33: OK | O33: OK | P33: OK | Q33: OK | R33: OK
B34: ¿ Esta la manguera doblada o enrollada correctamente ? | G34: OK | H34: OK | I34: OK | J34: OK | K34: OK | L34: OK | M34: OK | N34: OK | O34: OK | P34: OK | Q34: OK | R34: OK
B35: ¿ El carrete gira libremente ? | G35: OK | H35: OK | I35: OK | J35: OK | K35: OK | L35: OK | M35: OK | N35: OK | O35: OK | P35: X | Q35: OK | R35: OK
B36: ¿ El carrete presenta daños o golpes ? | G36: OK | H36: OK | I36: OK | J36: OK | K36: OK | L36: OK | M36: OK | N36: OK | O36: OK | P36: X | Q36: OK | R36: OK
B37: ¿ Las características de la manguera son las adecuadas para el riesgo ? | G37: OK | H37: OK | I37: OK | J37: OK | K37: OK | L37: OK | M37: OK | N37: OK | O37: OK | P37: OK | Q37: OK | R37: OK
B38: ¿ Resulto satisfactoria la prueba hidrostática a la manguera ? | G38: OK | H38: OK | I38: X | J38: OK | K38: OK | L38: OK | M38: OK | N38: OK | O38: X | P38: X | Q38: X | R38: OK | S38: oct-nov 2023
B40: OBSERVACIONES:
B41: Todos los hidrantes carecen de llave para coples
B42: Hidrantes No. 3, 9, 10 y 11 tras realizarles pruebas hidrostáticas el resultado no fue satisfactorio.
G47: ELABORO :
G48: =S8 -> Santiago Campos
G50: =S9 -> 17 de Julio del 2025
G51: NOMBRE, FIRMA Y FECHA

Sheet Hidrantes Interiores (2)
S1: FIRE CONTROL SYSTEMS
S2: Bucarest 12 Terranova Nogales, Sonora
S3: Tel. 104-1127 Cel. 631-357-9141 las 24 Hrs.
S4: Patricia Campos Badillo
S5: RFC. CABP721117CW7
B6: REPORTE MENSUAL DE INSPECCION, PRUEBAS Y MANTENIMIENTO A SISTEMAS DE HIDRANTES INTERIORES | S6: E. Mail: firecontrolsystems@hotmail.com
B7: CLIENTE: | C7: Master de Nogales Planta 2 | L7: CONTRATO : | O7: Mensual
B8: ATENCIÓN: | C8: Ing. Julio Landabazo | L8: INSPECTOR : | O8: ='Hidrantes Interiores'!S8 -> Santiago Campos
B9: SERVICIO: | C9: ='Tanque Agua'!C10 -> 7 de 12 | L9: FECHA : | O9: ='Hidrantes Interiores'!S9 -> 17 de Julio del 2025
C11: SATISFACTORIO : | D11: OK | F11: NO SATISFACTORIO : | G11: X | K11: NO APLICA : | N11: N/A
G13: 13 | H13: 14 | I13: 15 | J13: 16 | K13: 17 | L13: 18 | M13: 19 | N13: 20 | O13: 21 | P13: 22
B14: HIDRANTES INTERIORES | Q14: Observaciones
B15: ¿ El sistema se encontró en servicio ? | G15: OK | H15: OK | I15: OK | J15: OK | K15: OK | L15: OK | M15: OK | N15: OK | O15: OK | P15: OK
B16: ¿ Funciona el detector de flujo ? | G16: OK | H16: OK | I16: OK | J16: OK | K16: OK | L16: OK | M16: OK | N16: OK | O16: OK | P16: OK
B17: ¿ Funciona el supervisor de válvula ? | G17: OK | H17: OK | I17: OK | J17: OK | K17: OK | L17: OK | M17: OK | N17: OK | O17: OK | P17: OK
B18: ¿ Funciona la válvula de alarma del sistema ? | G18: OK | H18: OK | I18: OK | J18: OK | K18: OK | L18: OK | M18: OK | N18: OK | O18: OK | P18: OK
B19: ¿ La válvula de control esta libre de fugas en posición de abierto ? | G19: OK | H19: OK | I19: OK | J19: OK | K19: OK | L19: OK | M19: OK | N19: OK | O19: OK | P19: OK
B20: ¿ El área del hidrante esta libre y despejada ? | G20: OK | H20: OK | I20: OK | J20: X | K20: OK | L20: OK | M20: Ok | N20: OK | O20: OK | P20: OK
B21: ¿ Es fácil el acceso hacia el hidrante ? | G21: OK | H21: OK | I21: OK | J21: X | K21: OK | L21: OK | M21: X | N21: OK | O21: OK | P21: OK
B22: ¿ El hidrante es visible a distancia ? | G22: OK | H22: OK | I22: OK | J22: X | K22: OK | L22: OK | M22: X | N22: OK | O22: OK | P22: OK
B23: ¿ El hidrante cuenta con identificación ? | G23: OK | H23: OK | I23: OK | J23: OK | K23: X | L23: OK | M23: X | N23: OK | O23: OK | P23: OK
B24: ¿ Las conexiones del dren se encuentran libres de fugas ? | G24: OK | H24: OK | I24: OK | J24: OK | K24: OK | L24: OK | M24: OK | N24: OK | O24: OK | P24: OK
B25: ¿ La válvula de la manguera se encuentra libre de daño físico ? | G25: OK | H25: OK | I25: OK | J25: OK | K25: OK | L25: OK | M25: OK | N25: OK | O25: OK | P25: OK
B26: ¿ La soportería es la adecuada ? | G26: OK | H26: OK | I26: OK | J26: OK | K26: OK | L26: OK | M26: OK | N26: OK | O26: OK | P26: OK
... B37: ¿ Las características de la manguera son las adecuadas para el riesgo ? | G37: OK | H37: OK | I37: OK | J37: OK | K37: OK | L37: OK | M37: OK | N37: OK | O37: OK | P37: OK
B38: ¿ Resulto satisfactoria la prueba hidrostática a la manguera ? | G38: OK | H38: X | I38: OK | J38: OK | K38: OK | L38: OK | M38: OK | N38: OK | O38: OK | P38: OK | Q38: oct-nov 2023
B40: OBSERVACIONES :
B42: Todos los hidrantes carecen de llave para coples
B43: Hidrantes Nº 14,16 y 20 no giran bien debido a que están dentro de racks
B44: Hidrantes Nº 16 y 19 no cuenta con ID
B45: Hidrante No. 19 tiene el chiflon dañado no enrosca totalmente en la manguera.
B46: Al realizar pruebas hidritaticas a las mangueras de los hidrantes, la manguera del Hidrante N° 14 resultó con daños, se debe reemplazar.
G49: ELABORO :
G50: =O8 -> Santiago Campos
G52: =O9 -> 17 de Julio del 2025
G53: NOMBRE, FIRMA Y FECHA

Sheet Sistema 1
P1: FIRE CONTROL SYSTEMS
P2: Bucarest 12 Terranova Nogales, Sonora
P3: Tel. 104-1127 Cel. 631-357-9141 las 24 Hrs.
P4: Patricia Campos Badillo
P5: RFC. CABP721117CW7
B6: REPORTE DE INSPECCION, PRUEBAS Y MANTENIMIENTO A SISTEMAS DE ROCIADORES | P6: E. Mail: firecontrolsystems@hotmail.com
B7: CLIENTE: | C7: Master Lock de Nogales Planta 2 | J7: CONTRATO : | L7: Mensual
B8: ATENCIÓN: | C8: Ing. Julio Landabazo | J8: INSPECTOR : | L8: ='Hidrantes Interiores'!S8 -> Santiago Campos
B9: SERVICIO: | C9: ='Tanque Agua'!C10 -> 7 de 12 | J9: FECHA : | L9: 17 de Julio del 2025
C11: Sistema Nº 1
B13: f = FRECUENCIA M = MENSUAL Q = TRIMESTRAL A = ANUAL | G13: S: SATISFACTORIO N/A: NO APLICA N: NO SATISFACTORIO
B15: SISTEMAS HUMEDOS | G15: f | H15: S | I15: N/A | J15: N | K15: PARAMETROS | L15: LECTURAS | O15: COMENTARIOS
B16: ¿ El sistema se encontró en servicio ? | G16: M | H16: OK
B17: ¿ El stock de rociadores es el adecuado en cantidad y temperatura ? | G17: M | H17: OK | L17: 286ºF - K=11.2
B18: ¿ Se cuenta con las llaves adecuadas de los rociadores ? | G18: M | H18: OK
B19: Cantidad de rociadores instalados de acuerdo al diseño original. | G19: M | H19: OK | L19: 478
B20: ¿ No se han realizado modificaciones en el área protegida con relación al plano del diseño original ? | G20: M | H20: OK
B21: ¿ La válvula hacia los hidrantes esta abierta ? | G21: M | H21: OK
B22: ¿ La válvula hacia los hidrantes esta asegurada y/o supervisada ? | G22: M | H22: OK
B23: ¿ La válvula de control esta accesible ? | G23: M | H23: OK
B24: ¿ La válvula OS&Y opera al cerrarla y retorna a la posición de abierto ? | G24: M | H24: OK
B25: ¿ La válvula de control cierra y retorna a la posición de abierto ? | G25: M | H25: OK
B26: ¿ La válvula de control esta supervisada y/o asegurada ? | G26: M | H26: OK
B27: ¿ Operan los supervisores de válvula ? | G27: M | H27: OK
B28: ¿ Esta delimitada el área del riser del sistema ? | G28: M | H28: OK
B29: ¿ Las válvulas check mantienen la presión ? | G29: M | H29: OK
B30: ¿ La válvula de alarma esta en buen estado ? | G30: M | H30: OK
B31: ¿ La válvula de alarma mantiene la presión ? | G31: M | H31: OK
B32: Presión en la línea de alimentación | G32: M | H32: OK | K32: Psi | L32: 155
B33: ¿ La presión de alimentación es adecuada ? | G33: M | H33: Ok
B34: Presión en la línea de rociadores | G34: M | H34: OK | K34: Psi | L34: 160
B35: ¿ La presión del sistema es adecuada ? | G35: M | H35: OK
B36: ¿ Coincide la lectura de los manómetros del riser con el manómetro certificado ? | G36: M | H36: OK
B37: ¿ La válvula de alivio opera adecuadamente ? | G37: M | H37: OK
B38: ¿ Las válvulas reguladora de presión esta abierta ? | G38: M | H38: OK
B39: ¿ Las válvulas reguladora de presión esta en buenas condiciones ? | G39: M | H39: OK
B40: ¿ Las válvulas reguladora de presión esta ajustada de acuerdo al criterio del diseño ? | G40: M | H40: OK | K40: Psi | L40: 175
B41: ¿ La válvula del drene opera adecuadamente ? | G41: M | H41: OK
B42: ¿ El detector de flujo y/o de Presión opera ? | G42: M | H42: OK
B43: ¿ La válvula de alivio del la línea de inspección opera ? | G43: M | H43: OK
B44: ¿ Los rociadores están libres de daños y fugas ? | G44: M | H44: OK
B45: ¿ Los rociadores están libres de polvo y pintura ? | G45: M | H45: OK
B46: ¿ Los rociadores se encuentran libres de obstrucción ? | G46: M | H46: OK
B47: ¿ El sistema de rociadores queda en servicio ? | G47: M | H47: OK
B48: ¿ El tablero de alarma se restableció después de las pruebas ? | G48: M | H48: OK
B49: ¿ Quedo sin señales de problema , supervisión y/o alarmas el tablero ? | G49: M | H49: OK
B50: ¿ Se encuentra con placa de calculo el riser del sistema ? | G50: Q | H50: OK | O50: 45839
B51: Presión residual con válvula de drene abierta. | G51: A | H51: OK | K51: PSI | L51: 145 | O51: 45342
B52: ¿ El arreglo de la válvula de inspección es el adecuado ? | G52: A | H52: OK | O52: 45839
B53: Tiempo de respuesta del detector de flujo al abrir la válvula de inspección. | G53: Q | H53: OK | K53: de 30 a 60 seg. | L53: 38 | O53: 45809
B54: Tiempo de respuesta del motor de alarma al abrir la válvula de Drain. | G54: A | H54: OK | K54: SEGUNDOS | L54: 9 | O54: 45342
B55: Presión residual con la válvula de inspección. | G55: A | H55: OK | K55: PSI | L55: 148 | O55: 45342
B56: La conexión de bomberos se encuentra accesible y en buenas condiciones | G56: A | H56: ok | O56: 45809
B57: ¿ Los rociadores estándar son de menos de 50 años ? | G57: A | H57: OK | O57: 45810
B58: ¿ Los rociadores residenciales son de menos de 20 años ? | G58: A | H58: OK | O58: 45811
B59: ¿ La cobertura de los rociadores es la adecuada ? | G59: A | H59: OK | O59: 45812
B60: ¿ Los rociadores están instalados en la posición correcta ? | G60: A | H60: OK | O60: 45813
B61: ¿ Los rociadores son los del tipo adecuado, al área protegida ? | G61: A | H61: OK | O61: 45814
B62: ¿ Los rociadores instalados son de la temperatura de acuerdo al diseño ? | G62: A | H62: OK | L62: 286ºF | O62: 45815
B63: ¿ No presentan ningún daño físico los ramales y cabezales del sistema? | G63: A | H63: OK | O63: 45816
B64: Número de vueltas para el cierre de la válvula del poste indicador de pared. | G64: A | H64: OK | K64: de 15 a 33 | L64: 20.5 | O64: 45817
B65: ¿ Son aprobadas las válvulas de control ? | G65: A | H65: OK | O65: 45818
B66: ¿ Los soportes y colgantes son los adecuados ? | G66: A | H66: OK | O66: 45819
B67: ¿ Los soportes están fijos y asegurados adecuadamente ? | G67: A | H67: OK | O67: 45820
B68: ¿ El sistema esta libre de derivaciones, ajenas a la protección contra Incendio ? | G68: A | H68: OK | O68: 45821
B69: ¿ Están libres de cargas ajenas los soportes y/o colgantes ? | G69: A | H69: OK | O69: 45822
B70: Lubricar Válvula de control | G70: A | H70: OK | O70: 45823
B71: Ajuste de los soportes del Riser | G71: A | H71: OK | O71: 45824
B72: Registrar Presión Residual con válvula (2") de dren abierta | G72: A | H72: OK | K72: Psi | M72: 145 | O72: 45342
B73: Registrar Presión Estática al finalizar el mantenimiento Anual | G73: A | H73: OK | K73: Psi | M73: 148 | O73: 45342
B75: OBSERVACIONES:
B77: Válvula de alivio no funciona correctamente, no abre para desfogar la sobrepresión en el sistema al rebasar las 175 psi.

Sheet Sistema 1A
P1: FIRE CONTROL SYSTEMS
P2: Bucarest 12 Terranova Nogales, Sonora
P3: Tel. 104-1127 Cel. 631-357-9141 las 24 Hrs.
P4: Patricia Campos Badillo
P5: RFC. CABP721117CW7
B6: REPORTE DE INSPECCION, PRUEBAS Y MANTENIMIENTO A SISTEMAS DE ROCIADORES | P6: E. Mail: firecontrolsystems@hotmail.com
B7: CLIENTE: | C7: Master Lock de Nogales Planta 2 | J7: CONTRATO : | L7: Mensual
B8: ATENCIÓN: | C8: Ing. Julio Landabazo | J8: INSPECTOR : | L8: ='Hidrantes Interiores'!S8 -> Santiago Campos
B9: SERVICIO: | C9: ='Tanque Agua'!C10 -> 7 de 12 | J9: FECHA : | L9: ='Sistema 1'!L9 -> 17 de Julio del 2025
C11: Sistema Nº 1A In Rack
B13: f = FRECUENCIA M = MENSUAL Q = TRIMESTRAL A = ANUAL | G13: S: SATISFACTORIO N/A: NO APLICA N: NO SATISFACTORIO
B15: SISTEMAS HUMEDOS | G15: f | H15: S | I15: N/A | J15: N | K15: PARAMETROS | L15: LECTURAS | O15: COMENTARIOS
B16: ¿ El sistema se encontró en servicio ? | G16: M | H16: OK
B17: ¿ El stock de rociadores es el adecuado en cantidad y temperatura ? | G17: M | H17: OK | L17: 165ºf
B18: ¿ Se cuenta con las llaves adecuadas de los rociadores ? | G18: M | H18: OK
B19: Cantidad de rociadores instalados de acuerdo al diseño original. | G19: M | H19: OK | M19: 234
B20: ¿ No se han realizado modificaciones en el área protegida con relación al plano del diseño original ? | G20: M | H20: OK
B21: ¿ La válvula de control esta accesible ? | G21: M | H21: OK
B22: ¿ La válvula OS&Y opera al cerrarla y retorna a la posición de abierto ? | G22: M | H22: OK
B23: ¿ La válvula de control cierra y retorna a la posición de abierto ? | G23: M | H23: OK
B24: ¿ La válvula de control esta supervisada y/o asegurada ? | G24: M | H24: OK
B25: ¿ Operan los supervisores de válvula ? | G25: M | H25: OK
B26: ¿ Esta delimitada el área del riser del sistema ? | G26: M | H26: OK
B27: ¿ Las válvulas check mantienen la presión ? | G27: M | H27: OK
B28: ¿ La válvula de alarma esta en buen estado ? | G28: M | H28: OK
B29: ¿ La válvula de alarma mantiene la presión ? | G29: M | H29: OK
B30: Presión en la línea de alimentación | G30: M | H30: OK | K30: Psi | L30: 155
B31: ¿ La presión de alimentación es adecuada ? | G31: M | H31: OK
B32: Presión en la línea de rociadores | G32: M | H32: OK | K32: Psi | L32: 155
B33: ¿ La presión del sistema es adecuada ? | G33: M | H33: OK
B34: ¿ Coincide la lectura de los manómetros del riser con el manómetro certificado ? | G34: M | H34: OK
B35: ¿ La válvula de alivio opera adecuadamente ? | G35: M | H35: OK
B36: ¿ Las válvulas reguladora de presión esta abierta ? | G36: M | H36: OK
B37: ¿ Las válvulas reguladora de presión esta en buenas condiciones ? | G37: M | H37: OK
B38: ¿ Las válvulas reguladora de presión esta ajustada de acuerdo al criterio del diseño ? | G38: M | H38: OK | K38: Psi | M38: 175
B39: ¿ La válvula del drene opera adecuadamente ? | G39: M | H39: OK
B40: ¿ El detector de flujo y/o de Presión opera ? | G40: M | H40: OK
B41: ¿ La válvula de alivio del la línea de inspección opera ? | G41: M | H41: OK
B42: ¿ Las guardas de los rociadores son las aprobadas ? | G42: M | H42: OK | K42: UL o FM
B43: ¿ Los rociadores están libres de daños y fugas ? | G43: M | H43: OK
B44: ¿ Los rociadores están libres de polvo y pintura ? | G44: M | H44: OK
B45: ¿ Los rociadores se encuentran libres de obstrucción ? | G45: M | H45: OK | O45: No están centrados
B46: ¿ El sistema de rociadores queda en servicio ? | G46: M | H46: OK
B47: ¿ El tablero de alarma se restableció después de las pruebas ? | G47: M | H47: OK
B48: ¿ Quedo sin señales de problema , supervisión y/o alarmas el tablero ? | G48: M | H48: OK
B49: ¿ Se encuentra con placa de calculo el riser del sistema ? | G49: Q | H49: OK | O49: 45839
B50: Presión residual con válvula de drene abierta. | G50: A | H50: OK | K50: Psi | L50: 150 | O50: 45342
B51: ¿ El arreglo de la válvula de inspección es el adecuado ? | G51: A | H51: OK | O51: 45809
B52: Tiempo de respuesta del detector de flujo al abrir la válvula de inspección. | G52: Q | H52: OK | K52: de 30 a 60 seg. | L52: 42 | O52: 45809
B53: Tiempo de respuesta del motor de alarma al abrir la válvula de Drain. | G53: A | H53: OK | K53: SEGUNDOS | L53: 11 | O53: 45342
B54: Presión residual con la válvula de inspección. | G54: A | H54: OK | K54: PSI | L54: 150 | O54: 45342
B55: La conexión de bomberos se encuentra accesible y en buenas condiciones | G55: A | H55: OK | O55: 45809
B56: ¿ Los rociadores estándar son de menos de 50 años ? | G56: A | H56: OK | O56: 45810
B57: ¿ La cobertura de los rociadores es la adecuada ? | G57: A | H57: OK | O57: 45811
B58: ¿ Los rociadores están instalados en la posición correcta ? | G58: A | H58: OK | O58: 45812
B59: ¿ Los rociadores son los del tipo adecuado, al área protegida ? | G59: A | H59: OK | O59: 45813
B60: ¿ Los rociadores instalados son de la temperatura de acuerdo al diseño ? | G60: A | H60: OK | L60: 165ºF | O60: 45814
B61: ¿ No presentan ningún daño físico los ramales y cabezales del sistema? | G61: A | H61: OK | O61: 45815
B62: Número de vueltas para el cierre de la válvula de mariposa con indicador. | G62: A | H62: OK | K62: 13 a 33 | L62: 16.5 | O62: 45816
B63: Número de vueltas para el cierre de la válvula de mariposa secundaria. | G63: A | H63: OK | K63: 13 a 33 | L63: 12 | O63: 45817
B64: ¿ Son aprobadas las válvulas de control ? | G64: A | H64: OK | O64: 45818
B65: ¿ Los soportes y colgantes son los adecuados ? | G65: A | H65: OK | O65: 45819
B66: ¿ Los soportes están fijos y asegurados adecuadamente ? | G66: A | H66: OK | O66: 45820
B67: ¿ Los colgantes están fijos y asegurados adecuadamente ? | G67: A | H67: OK | O67: 45821
B68: ¿ El sistema esta libre de derivaciones, ajenas a la protección contra Incendio ? | G68: A | H68: OK | O68: 45822
B69: ¿ Están libres de cargas ajenas los soportes y/o colgantes ? | G69: A | H69: OK | O69: 45823
B70: Lubricar Válvula de control | G70: A | H70: OK | O70: 45824
B71: Ajuste de los soportes del Riser | G71: A | H71: OK | O71: 45825
B72: Registrar Presión Residual con válvula (2") de dren abierta | G72: A | H72: OK | K72: Psi | L72: 150 | O72: 45342
B73: Registrar Presión Estática al finalizar el mantenimiento Anual | G73: A | H73: OK | K73: Psi | L73: 150 | O73: 45342
B75: OBSERVACIONES:
B77: Rociadores instaladoes en Racks del lado del muro en area de almacen de componentes no cuentan con guardas.
B78: Linea de inspección permanece obstruida frecuentemente por palets con material y mesa de trabajo.
B79: Válvula de alivio no funciona correctamente, no abre para desfogar la sobrepresión en el sistema al rebasar las 175 psi.

Sheet Sistema 2 
P1: FIRE CONTROL SYSTEMS
P2: Bucarest 12 Terranova Nogales, Sonora
P3: Tel. 104-1127 Cel. 631-357-9141 las 24 Hrs.
P4: Patricia Campos Badillo
P5: RFC. CABP721117CW7
B6: REPORTE DE INSPECCION, PRUEBAS Y MANTENIMIENTO A SISTEMAS DE ROCIADORES | P6: E. Mail: firecontrolsystems@hotmail.com
B7: CLIENTE: | C7: Master Lock de Nogales Planta 2 | J7: CONTRATO : | L7: Mensual
B8: ATENCIÓN: | C8: Ing. Julio Landabazo | J8: INSPECTOR : | L8: ='Hidrantes Interiores'!S8 -> Santiago Campos
B9: SERVICIO: | C9: ='Tanque Agua'!C10 -> 7 de 12 | J9: FECHA : | L9: ='Sistema 1'!L9 -> 17 de Julio del 2025
C11: Sistema Nº 2
B13: f = FRECUENCIA M = MENSUAL Q = TRIMESTRAL A = ANUAL | G13: S: SATISFACTORIO N/A: NO APLICA N: NO SATISFACTORIO
B15: SISTEMAS HUMEDOS | G15: f | H15: S | I15: N/A | J15: N | K15: PARAMETROS | L15: LECTURAS | O15: COMENTARIOS
B16: ¿ El sistema se encontró en servicio ? | G16: M | H16: OK
B17: ¿ El stock de rociadores es el adecuado en cantidad y temperatura ? | G17: M | H17: OK | L17: 286ºF - K=11.2
B18: ¿ Se cuenta con las llaves adecuadas de los rociadores ? | G18: M | H18: OK
B19: Cantidad de rociadores instalados de acuerdo al diseño original. | G19: M | H19: OK | M19: 458
B20: ¿ No se han realizado modificaciones en el área protegida con relación al plano del diseño original ? | G20: M | H20: OK
B21: ¿ La válvula hacia los hidrantes esta abierta ? | G21: M | H21: OK
B22: ¿ La válvula hacia los hidrantes esta asegurada y/o supervisada ? | G22: M | H22: OK
B23: ¿ La válvula de control esta accesible ? | G23: M | H23: OK
B24: ¿ La válvula OS&Y opera al cerrarla y retorna a la posición de abierto ? | G24: M | H24: OK
B25: ¿ La válvula de control cierra y retorna a la posición de abierto ? | G25: M | H25: OK
B26: ¿ La válvula de control esta supervisada y/o asegurada ? | G26: M | H26: OK
B27: ¿ Operan los supervisores de válvula ? | G27: M | H27: OK
B28: ¿ Esta delimitada el área del riser del sistema ? | G28: M | H28: OK
B29: ¿ Las válvulas check mantienen la presión ? | G29: M | H29: OK
B30: ¿ La válvula de alarma esta en buen estado ? | G30: M | H30: OK
B31: ¿ La válvula de alarma mantiene la presión ? | G31: M | H31: OK
B32: Presión en la línea de alimentación | G32: M | H32: OK | K32: Psi | L32: 150
B33: ¿ La presión de alimentación es adecuada ? | G33: M | H33: OK
B34: Presión en la línea de rociadores | G34: M | H34: OK | K34: Psi | L34: 165
B35: ¿ La presión del sistema es adecuada ? | G35: M | H35: OK
B36: ¿ Coincide la lectura de los manómetros del riser con el manómetro certificado ? | G36: M | H36: OK
B37: ¿ La válvula de alivio opera adecuadamente ? | G37: M | H37: OK
B38: ¿ Las válvulas reguladora de presión esta abierta ? | G38: M | H38: OK
B39: ¿ Las válvulas reguladora de presión esta en buenas condiciones ? | G39: M | H39: OK
B40: ¿ Las válvulas reguladora de presión esta ajustada de acuerdo al criterio del diseño ? | G40: M | H40: OK | K40: Psi | M40: 175
B41: ¿ La válvula del drene opera adecuadamente ? | G41: M | H41: OK
B42: ¿ El detector de flujo y/o de Presión opera ? | G42: M | H42: OK
B43: ¿ La válvula de alivio del la línea de inspección opera ? | G43: M | H43: OK
B44: ¿ Los rociadores están libres de daños y fugas ? | G44: M | H44: OK
B45: ¿ Los rociadores están libres de polvo y pintura ? | G45: M | H45: OK
B46: ¿ Los rociadores se encuentran libres de obstrucción ? | G46: M | H46: OK
B47: ¿ El sistema de rociadores queda en servicio ? | G47: M | H47: OK
B48: ¿ El tablero de alarma se restableció después de las pruebas ? | G48: M | H48: OK
B49: ¿ Quedo sin señales de problema , supervisión y/o alarmas el tablero ? | G49: M | H49: OK
B50: ¿ Se encuentra con placa de calculo el riser del sistema ? | G50: Q | H50: OK | O50: 45839
B51: Presión residual con válvula de drene abierta. | G51: A | J51: X | K51: PSI | O51: 45342
B52: ¿ El arreglo de la válvula de inspección es el adecuado ? | G52: A | H52: OK | O52: 45250
B53: Tiempo de respuesta del detector de flujo al abrir la válvula de inspección. | G53: Q | H53: OK | K53: de 30 a 60 seg. | L53: 40 | O53: 45809
B54: Tiempo de respuesta del motor de alarma al abrir la válvula de Drain. | G54: A | J54: X | K54: SEGUNDOS | L54: 21 | O54: 45342
B55: Presión residual con la válvula de inspección. | G55: A | H55: OK | K55: PSI | L55: 155 | O55: 45342
B56: La conexión de bomberos se encuentra accesible y en buenas condiciones | G56: A | H56: OK | O56: 45809
B57: ¿ Los rociadores estándar son de menos de 50 años ? | G57: A | H57: OK | O57: 45810
B58: ¿ Los rociadores residenciales son de menos de 20 años ? | G58: A | H58: OK | O58: 45811
B59: ¿ La cobertura de los rociadores es la adecuada ? | G59: A | H59: OK | O59: 45812
B60: ¿ Los rociadores están instalados en la posición correcta ? | G60: A | H60: OK | O60: 45813
B61: ¿ Los rociadores son los del tipo adecuado, al área protegida ? | G61: A | H61: OK | O61: 45814
B62: ¿ Los rociadores instalados son de la temperatura de acuerdo al diseño ? | G62: A | H62: OK | M62: 286ºF | O62: 45815
B63: ¿ No presentan ningún daño físico los ramales y cabezales del sistema? | G63: A | H63: OK | O63: 45816
B64: Número de vueltas para el cierre de la válvula del poste indicador de pared. | G64: A | H64: OK | K64: 13 a 33 | L64: 20.5 | O64: 45817
B65: ¿ Son aprobadas las válvulas de control ? | G65: A | H65: OK | O65: 45818
B66: ¿ Los soportes y colgantes son los adecuados ? | G66: A | H66: OK | O66: 45819
B67: ¿ Los soportes están fijos y asegurados adecuadamente ? | G67: A | H67: OK | O67: 45820
B68: ¿ Los colgantes están fijos y asegurados adecuadamente ? | G68: A | H68: OK | O68: 45821
B69: ¿ El sistema esta libre de derivaciones, ajenas a la protección contra Incendio ? | G69: A | H69: OK | O69: 45822
B70: ¿ Están libres de cargas ajenas los soportes y/o colgantes ? | G70: A | H70: OK | O70: 45823
B71: Lubricar Válvula de control | G71: A | H71: OK | O71: 45824
B72: Ajuste de los soportes del Riser | G72: A | H72: OK | O72: 45825
B73: Registrar Presión Residual con válvula (2") de dren abierta | G73: A | J73: X | K73: Psi | O73: 45342
B74: Registrar Presión Estática al finalizar el mantenimiento Anual | G74: A | H74: OK | K74: Psi | L74: 150 | O74: 45342
B76: OBSERVACIONES :
B78: Niple instalado entre la valvula check y la válvula del dren en riser del sistema presenta corrosión y pequeña filtración de agua.
B79: Se localizó filtración de agua entre el cople y tubería debajo de la válvula de control en el riser del sistema.
B80: Válvula de alivio no funciona correctamente, no abre para desfogar la sobrepresión en el sistema al rebasar las 175 psi.

Sheet Sistema 2A 
P1: FIRE CONTROL SYSTEMS
P2: Bucarest 12 Terranova Nogales, Sonora
P3: Tel. 104-1127 Cel. 631-357-9141 las 24 Hrs.
P4: Patricia Campos Badillo
P5: RFC. CABP721117CW7
B6: REPORTE DE INSPECCION, PRUEBAS Y MANTENIMIENTO A SISTEMAS DE ROCIADORES | P6: E. Mail: firecontrolsystems@hotmail.com
B7: CLIENTE: | C7: Master Lock de Nogales Planta 2 | J7: CONTRATO : | L7: Mensual
B8: ATENCIÓN: | C8: Ing.Julio Landabazo | J8: INSPECTOR : | L8: ='Hidrantes Interiores'!S8 -> Santiago Campos
B9: SERVICIO: | C9: ='Tanque Agua'!C10 -> 7 de 12 | J9: FECHA : | L9: ='Sistema 1'!L9 -> 17 de Julio del 2025
C11: Sistema Nº 2A In Rack
B13: f = FRECUENCIA M = MENSUAL Q = TRIMESTRAL A = ANUAL | G13: S: SATISFACTORIO N/A: NO APLICA N: NO SATISFACTORIO
B15: SISTEMAS HUMEDOS | G15: f | H15: S | I15: N/A | J15: N | K15: PARAMETROS | L15: LECTURAS | O15: COMENTARIOS
B16: ¿ El sistema se encontró en servicio ? | G16: M | H16: OK
B17: ¿ El stock de rociadores es el adecuado en cantidad y temperatura ? | G17: M | H17: OK | L17: 165ºf
B18: ¿ Se cuenta con las llaves adecuadas de los rociadores ? | G18: M | H18: OK
B19: Cantidad de rociadores instalados de acuerdo al diseño original. | G19: M | H19: OK | M19: 214
B20: ¿ No se han realizado modificaciones en el área protegida con relación al plano del diseño original ? | G20: M | H20: OK
B21: ¿ La válvula de control esta accesible ? | G21: M | H21: OK
B22: ¿ La válvula OS&Y opera al cerrarla y retorna a la posición de abierto ? | G22: M | H22: OK
B23: ¿ La válvula de control cierra y retorna a la posición de abierto ? | G23: M | H23: OK
B24: ¿ La válvula de control esta supervisada y/o asegurada ? | G24: M | H24: OK
B25: ¿ Operan los supervisores de válvula ? | G25: M | H25: OK
B26: ¿ Esta delimitada el área del riser del sistema ? | G26: M | H26: OK
B27: ¿ Las válvulas check mantienen la presión ? | G27: M | H27: OK
B28: ¿ La válvula de alarma esta en buen estado ? | G28: M | H28: OK
B29: ¿ La válvula de alarma mantiene la presión ? | G29: M | H29: OK
B30: Presión en la línea de alimentación | G30: M | H30: OK | K30: Psi | L30: 155
B31: ¿ La presión de alimentación es adecuada ? | G31: M | H31: OK
B32: Presión en la línea de rociadores | G32: M | H32: OK | K32: Psi | L32: 160
B33: ¿ La presión del sistema es adecuada ? | G33: M | H33: OK
B34: ¿ Coincide la lectura de los manómetros del riser con el manómetro certificado ? | G34: M | H34: OK
B35: ¿ La válvula de alivio opera adecuadamente ? | G35: M | H35: OK
B36: ¿ Las válvulas reguladora de presión esta abierta ? | G36: M | H36: OK
B37: ¿ Las válvulas reguladora de presión esta en buenas condiciones ? | G37: M | H37: OK
B38: ¿ Las válvulas reguladora de presión esta ajustada de acuerdo al criterio del diseño ? | G38: M | H38: OK | K38: Psi | M38: 175
B39: ¿ La válvula del drene opera adecuadamente ? | G39: M | H39: OK
B40: ¿ El detector de flujo y/o de Presión opera ? | G40: M | H40: OK
B41: ¿ La válvula de alivio del la línea de inspección opera ? | G41: M | H41: OK
B42: ¿ Las guardas de los rociadores son las aprobadas ? | G42: M | H42: OK | K42: UL o FM
B43: ¿ Los rociadores están libres de daños y fugas ? | G43: M | H43: OK
B44: ¿ Los rociadores están libres de polvo y pintura ? | G44: M | H44: OK
B45: ¿ Los rociadores se encuentran libres de obstrucción ? | G45: M | J45: X | O45: No estan centrados
B46: ¿ El sistema de rociadores queda en servicio ? | G46: M | H46: OK
B47: ¿ El tablero de alarma se restableció después de las pruebas ? | G47: M | H47: OK
B48: ¿ Quedo sin señales de problema , supervisión y/o alarmas el tablero ? | G48: M | H48: OK
B49: ¿ Se encuentra con placa de calculo el riser del sistema ? | G49: Q | H49: OK | O49: 45839
B50: Presión residual con válvula de drene abierta. | G50: A | H50: OK | K50: PSI | L50: 145 | O50: 45342
B51: ¿ El arreglo de la válvula de inspección es el adecuado ? | G51: A | H51: OK | O51: 45250
B52: Tiempo de respuesta del detector de flujo al abrir la válvula de inspección. | G52: Q | H52: OK | K52: de 30 a 60 seg. | L52: 47 | O52: 45809
B53: Tiempo de respuesta del motor de alarma al abrir la válvula de Drain. | G53: A | H53: OK | K53: SEGUNDOS | L53: 21 | O53: 45342
B54: Presión residual con la válvula de inspección. | G54: A | H54: OK | K54: PSI | L54: 155 | O54: 45342
B55: La conexión de bomberos se encuentra accesible y en buenas condiciones | G55: A | H55: OK | O55: ='Sistema 1'!O56 -> 45809
B56: ¿ Los rociadores estándar son de menos de 50 años ? | G56: A | H56: OK | O56: ='Sistema 1'!O57 -> 45810
B57: ¿ La cobertura de los rociadores es la adecuada ? | G57: A | H57: OK | O57: ='Sistema 1'!O58 -> 45811
B58: ¿ Los rociadores están instalados en la posición correcta ? | G58: A | H58: OK | O58: ='Sistema 1'!O59 -> 45812
B59: ¿ Los rociadores son los del tipo adecuado, al área protegida ? | G59: A | H59: OK | O59: ='Sistema 1'!O60 -> 45813
B60: ¿ Los rociadores instalados son de la temperatura de acuerdo al diseño ? | G60: A | H60: OK | M60: 165ºF | O60: ='Sistema 1'!O61 -> 45814
B61: ¿ No presentan ningún daño físico los ramales y cabezales del sistema? | G61: A | H61: OK | O61: ='Sistema 1'!O62 -> 45815
B62: Número de vueltas para el cierre de la válvula de mariposa con indicador. | G62: A | H62: OK | K62: 13 a 33 | L62: 16 | O62: ='Sistema 1'!O63 -> 45816
B63: ¿ Son aprobadas las válvulas de control ? | G63: A | H63: OK | O63: ='Sistema 1'!O64 -> 45817
B64: ¿ Los soportes y colgantes son los adecuados ? | G64: A | H64: OK | O64: ='Sistema 1'!O65 -> 45818
B65: ¿ Los soportes están fijos y asegurados adecuadamente ? | G65: A | H65: OK | O65: ='Sistema 1'!O66 -> 45819
B66: ¿ Los colgantes están fijos y asegurados adecuadamente ? | G66: A | H66: OK | O66: ='Sistema 1'!O67 -> 45820
B67: ¿ El sistema esta libre de derivaciones, ajenas a la protección contra Incendio ? | G67: A | H67: OK | O67: ='Sistema 1'!O68 -> 45821
B68: ¿ Están libres de cargas ajenas los soportes y/o colgantes ? | G68: A | H68: OK | O68: ='Sistema 1'!O69 -> 45822
B69: Lubricar Válvula de control | G69: A | H69: OK | O69: ='Sistema 1'!O70 -> 45823
B70: Ajuste de los soportes del Riser | G70: A | H70: OK | O70: ='Sistema 1'!O71 -> 45824
B71: Registrar Presión Residual con válvula (2") de dren abierta | G71: A | H71: OK | K71: Psi | L71: 145 | O71: 45342
B72: Registrar Presión Estática al finalizar el mantenimiento Anual | G72: A | H72: OK | K72: Psi | L72: 154 | O72: 45342
B74: OBSERVACIONES:

Sheet Sistema 3 
P1: FIRE CONTROL SYSTEMS
P2: Bucarest 12 Terranova Nogales, Sonora
P3: Tel. 104-1127 Cel. 631-357-941 las 24 Hrs.
P4: Patricia Campos Badillo
P5: RFC. CABP721117CW7
B6: REPORTE DE INSPECCION, PRUEBAS Y MANTENIMIENTO A SISTEMAS DE ROCIADORES | P6: E. Mail: firecontrolsystems@hotmail.com
B7: CLIENTE; | C7: Master Lock de Nogales Planta 2 | J7: CONTRATO : | L7: Mensual
B8: ATENCIÓN; | C8: Ing. Julio Landabazo | J8: INSPECTOR : | L8: ='Hidrantes Interiores'!S8 -> Santiago Campos
B9: SERVICIO: | C9: ='Tanque Agua'!C10 -> 7 de 12 | J9: FECHA : | L9: ='Sistema 1'!L9 -> 17 de Julio del 2025
C11: Sistema Nº 3
B13: f = FRECUENCIA M = MENSUAL Q = TRIMESTRAL A = ANUAL | G13: S: SATISFACTORIO N/A: NO APLICA N: NO SATISFACTORIO
B15: SISTEMAS HUMEDOS | G15: f | H15: S | I15: N/A | J15: N | K15: PARAMETROS | L15: LECTURAS | O15: COMENTARIOS
B16: ¿ El sistema se encontró en servicio ? | G16: M | H16: OK
B17: ¿ El stock de rociadores es el adecuado en cantidad y temperatura ? | G17: M | H17: OK | L17: 286ºF - K=11.2
B18: ¿ Se cuenta con las llaves adecuadas de los rociadores ? | G18: M | H18: OK
B19: Cantidad de rociadores instalados de acuerdo al diseño original. | G19: M | H19: OK | L19: 460
B20: ¿ No se han realizado modificaciones en el área protegida con relación al plano del diseño original ? | G20: M | H20: OK
B21: ¿ La válvula hacia los hidrantes esta abierta ? | G21: M | H21: OK
B22: ¿ La válvula hacia los hidrantes esta asegurada y/o supervisada ? | G22: M | H22: OK
B23: ¿ La válvula de control esta accesible ? | G23: M | H23: OK
B24: ¿ La válvula OS&Y opera al cerrarla y retorna a la posición de abierto ? | G24: M | H24: OK
B25: ¿ La válvula de control cierra y retorna a la posición de abierto ? | G25: M | H25: OK
B26: ¿ La válvula de control esta supervisada y/o asegurada ? | G26: M | H26: OK
B27: ¿ Operan los supervisores de válvula ? | G27: M | H27: OK
B28: ¿ Esta delimitada el área del riser del sistema ? | G28: M | H28: OK
B29: ¿ Las válvulas check mantienen la presión ? | G29: M | H29: OK
B30: ¿ La válvula de alarma esta en buen estado ? | G30: M | H30: OK
B31: ¿ La válvula de alarma mantiene la presión ? | G31: M | H31: OK
B32: Presión en la línea de alimentación | G32: M | H32: OK | K32: Psi | L32: 150
B33: ¿ La presión de alimentación es adecuada ? | G33: M | H33: OK
B34: Presión en la línea de rociadores | G34: M | H34: OK | K34: Psi | L34: 153
B35: ¿ La presión del sistema es adecuada ? | G35: M | H35: OK
B36: ¿ Coincide la lectura de los manómetros del riser con el manómetro certificado ? | G36: M | H36: OK
B37: ¿ La válvula de alivio opera adecuadamente ? | G37: M | H37: OK
B38: ¿ Las válvulas reguladora de presión esta abierta ? | G38: M | H38: OK
B39: ¿ Las válvulas reguladora de presión esta en buenas condiciones ? | G39: M | H39: OK
B40: ¿ Las válvulas reguladora de presión esta ajustada de acuerdo al criterio del diseño ? | G40: M | H40: OK
B41: ¿ La válvula del drene opera adecuadamente ? | G41: M | H41: OK
B42: ¿ El detector de flujo y/o de Presión opera ? | G42: M | H42: OK
B43: ¿ La válvula de alivio del la línea de inspección opera ? | G43: M | H43: OK
B44: ¿ Los rociadores están libres de daños y fugas ? | G44: M | H44: OK
B45: ¿ Los rociadores están libres de polvo y pintura ? | G45: M | H45: OK
B46: ¿ Los rociadores se encuentran libres de obstrucción ? | G46: M | H46: OK
... B49: ¿ Quedo sin señales de problema , supervisión y/o alarmas el tablero ? | G49: M | H49: OK
B50: ¿ Se encuentra con placa de calculo el riser del sistema ? | G50: Q | H50: OK | O50: 45839
B51: Presión residual con válvula de drene abierta. | G51: A | H51: OK | K51: PSI | L51: 148 | O51: 45342
B52: ¿ El arreglo de la válvula de inspección es el adecuado ? | G52: A | H52: OK | O52: 45250
B53: Tiempo de respuesta del detector de flujo al abrir la válvula de inspección. | G53: Q | H53: OK | K53: de 30 a 60 seg. | L53: 38 | O53: ='Sistema 1'!O53 -> 45809
B54: Tiempo de respuesta del motor de alarma al abrir la válvula de Drain. | G54: A | H54: OK | K54: SEGUNDOS | L54: 15 | O54: 45342
B55: Presión residual con la válvula de inspección. | G55: A | H55: OK | K55: PSI | L55: 155 | O55: 45342
B56: La conexión de bomberos se encuentra accesible y en buenas condiciones | G56: A | H56: OK | O56: ='Sistema 1'!O56 -> 45809
B57: ¿ Los rociadores estándar son de menos de 50 años ? | G57: A | H57: OK | O57: ='Sistema 1'!O57 -> 45810
B58: ¿ Los rociadores residenciales son de menos de 20 años ? | G58: A | H58: OK | O58: ='Sistema 1'!O58 -> 45811
B59: ¿ La cobertura de los rociadores es la adecuada ? | G59: A | H59: OK | O59: ='Sistema 1'!O59 -> 45812
B60: ¿ Los rociadores están instalados en la posición correcta ? | G60: A | H60: OK | O60: ='Sistema 1'!O60 -> 45813
B61: ¿ Los rociadores son los del tipo adecuado, al área protegida ? | G61: A | H61: OK | O61: ='Sistema 1'!O61 -> 45814
B62: ¿ Los rociadores instalados son de la temperatura de acuerdo al diseño ? | G62: A | H62: OK | K62: ºF | M62: 286 | O62: ='Sistema 1'!O62 -> 45815
B63: ¿ No presentan ningún daño físico los ramales y cabezales del sistema? | G63: A | H63: OK | O63: ='Sistema 1'!O63 -> 45816
B64: Número de vueltas para el cierre de la válvula del poste indicador de pared. | G64: A | H64: OK | K64: 13 a 33 | L64: 20.25 | O64: ='Sistema 1'!O64 -> 45817
B65: ¿ La válvula de control esta lubricada ? | G65: A | H65: OK | O65: ='Sistema 1'!O65 -> 45818
B66: ¿ Son aprobadas las válvulas de control ? | G66: A | H66: OK | O66: ='Sistema 1'!O66 -> 45819
B67: ¿ Los soportes y colgantes son los adecuados ? | G67: A | H67: OK | O67: ='Sistema 1'!O67 -> 45820
B68: ¿ Los soportes están fijos y asegurados adecuadamente ? | G68: A | H68: OK | O68: ='Sistema 1'!O68 -> 45821
B69: ¿ Los colgantes están fijos y asegurados adecuadamente ? | G69: A | H69: OK | O69: ='Sistema 1'!O69 -> 45822
B70: ¿ El sistema esta libre de derivaciones, ajenas a la protección contra Incendio ? | G70: A | H70: OK | O70: ='Sistema 1'!O70 -> 45823
B71: ¿ Están libres de cargas ajenas los soportes y/o colgantes ? | G71: A | H71: OK | O71: ='Sistema 1'!O71 -> 45824
B72: Lubricar Válvula de control | G72: A | H72: OK | O72: 45809
B73: Ajuste de los soportes del Riser | G73: A | H73: OK | O73: 45809
B74: Registrar Presión Residual con válvula (2") de dren abierta | G74: A | H74: OK | K74: Psi | L74: 148 | O74: 45342
B75: Registrar Presión Estática al finalizar el mantenimiento Anual | G75: A | H75: OK | K75: Psi | L75: 150 | O75: 45342
B77: OBSERVACIONES:
B79: Válvula de alivio no funciona correctamente, no abre para desfogar la sobrepresión en el sistema al rebasar las 175 psi.

Sheet Sistema 3A 
P1: FIRE CONTROL SYSTEMS
P2: Bucarest 12 Terranova Nogales, Sonora
P3: Tel. 104-1127 Cel. 631-357-9141 las 24 Hrs.
P4: Patricia Campos Badillo
P5: RFC. CABP721117CW7
B6: REPORTE DE INSPECCION, PRUEBAS Y MANTENIMIENTO A SISTEMAS DE ROCIADORES | P6: E. Mail: firecontrolsystems@hotmail.com
B7: CLIENTE: | C7: Master Lock de Nogales Planta 2 | J7: CONTRATO : | L7: Mensual
B8: ATENCIÓN: | C8: Ing. Julio Landabazo | J8: INSPECTOR : | L8: ='Hidrantes Interiores'!S8 -> Santiago Campos
B9: SERVICIO: | C9: ='Tanque Agua'!C10 -> 7 de 12 | J9: FECHA : | L9: ='Sistema 1'!L9 -> 17 de Julio del 2025
C11: Sistema Nº 3A In Rack
B13: f = FRECUENCIA M = MENSUAL Q = TRIMESTRAL A = ANUAL | G13: S: SATISFACTORIO N/A: NO APLICA N: NO SATISFACTORIO
B15: SISTEMAS HUMEDOS | G15: f | H15: S | I15: N/A | J15: N | K15: PARAMETROS | L15: LECTURAS | O15: COMENTARIOS
B16: ¿ El sistema se encontró en servicio ? | G16: M | H16: OK
B17: ¿ El stock de rociadores es el adecuado en cantidad y temperatura ? | G17: M | H17: OK | L17: 165ºf
B18: ¿ Se cuenta con las llaves adecuadas de los rociadores ? | G18: M | H18: OK
B19: Cantidad de rociadores instalados de acuerdo al diseño original. | G19: M | H19: OK | M19: 238
B20: ¿ No se han realizado modificaciones en el área protegida con relación al plano del diseño original ? | G20: M | H20: OK
B21: ¿ La válvula de control esta accesible ? | G21: M | H21: OK
B22: ¿ La válvula OS&Y opera al cerrarla y retorna a la posición de abierto ? | G22: M | H22: OK
B23: ¿ La válvula de control cierra y retorna a la posición de abierto ? | G23: M | H23: OK
B24: ¿ La válvula de control esta supervisada y/o asegurada ? | G24: M | H24: OK
B25: ¿ Operan los supervisores de válvula ? | G25: M | H25: OK
B26: ¿ Esta delimitada el área del riser del sistema ? | G26: M | H26: OK
B27: ¿ Las válvulas check mantienen la presión ? | G27: M | H27: OK
B28: ¿ La válvula de alarma esta en buen estado ? | G28: M | H28: OK
B29: ¿ La válvula de alarma mantiene la presión ? | G29: M | H29: OK
B30: Presión en la línea de alimentación | G30: M | J30: X | K30: Psi | L30: xxx | O30: Descalibrado
B31: ¿ La presión de alimentación es adecuada ? | G31: M | H31: OK
B32: Presión en la línea de rociadores | G32: M | H32: OK | K32: Psi | L32: 155
B33: ¿ La presión del sistema es adecuada ? | G33: M | H33: OK
B34: ¿ Coincide la lectura de los manómetros del riser con el manómetro certificado ? | G34: M | H34: OK
B35: ¿ La válvula de alivio opera adecuadamente ? | G35: M | H35: OK
B36: ¿ Las válvulas reguladora de presión esta abierta ? | G36: M | H36: OK
B37: ¿ Las válvulas reguladora de presión esta en buenas condiciones ? | G37: M | H37: OK
B38: ¿ Las válvulas reguladora de presión esta ajustada de acuerdo al criterio del diseño ? | G38: M | H38: OK | K38: Psi | M38: 175
B39: ¿ La válvula del drene opera adecuadamente ? | G39: M | H39: OK
B40: ¿ El detector de flujo y/o de Presión opera ? | G40: M | H40: OK
B41: ¿ La válvula de alivio del la línea de inspección opera ? | G41: M | H41: OK
B42: ¿ Las guardas de los rociadores son las aprobadas ? | G42: M | H42: OK | K42: UL o FM
B43: ¿ Los rociadores están libres de daños y fugas ? | G43: M | H43: OK
B44: ¿ Los rociadores están libres de polvo y pintura ? | G44: M | H44: OK
B45: ¿ Los rociadores se encuentran libres de obstrucción ? | G45: M | H45: OK | O45: No estan centrados
B46: ¿ El sistema de rociadores queda en servicio ? | G46: M | H46: OK
B47: ¿ El tablero de alarma se restableció después de las pruebas ? | G47: M | H47: OK
B48: ¿ Quedo sin señales de problema , supervisión y/o alarmas el tablero ? | G48: M | H48: OK
B49: ¿ Se encuentra con placa de calculo el riser del sistema ? | G49: Q | H49: OK | O49: 45839
B50: Presión residual con válvula de drene abierta. | G50: A | H50: OK | K50: PSI | L50: 150 | O50: 45342
B51: ¿ El arreglo de la válvula de inspección es el adecuado ? | G51: A | H51: OK | O51: 45250
B52: Tiempo de respuesta del detector de flujo al abrir la válvula de inspección. | G52: Q | H52: OK | K52: de 30 a 60 seg. | L52: 48 | O52: ='Sistema 1'!O53 -> 45809
B53: Tiempo de respuesta del motor de alarma al abrir la válvula de Drain. | G53: A | H53: OK | K53: SEGUNDOS | L53: 8 | O53: 45342
B54: Presión residual con la válvula de inspección. | G54: A | H54: OK | K54: PSI | L54: 153 | O54: 45342
B55: La conexión de bomberos se encuentra accesible y en buenas condiciones | G55: A | H55: OK | O55: ='Sistema 1'!O56 -> 45809
B56: ¿ Los rociadores estándar son de menos de 50 años ? | G56: A | H56: OK | O56: ='Sistema 1'!O57 -> 45810
B57: ¿ Los rociadores residenciales son de menos de 20 años ? | G57: A | H57: OK | O57: ='Sistema 1'!O58 -> 45811
B58: ¿ La cobertura de los rociadores es la adecuada ? | G58: A | H58: OK | O58: ='Sistema 1'!O59 -> 45812
B59: ¿ Los rociadores están instalados en la posición correcta ? | G59: A | H59: OK | O59: ='Sistema 1'!O60 -> 45813
B60: ¿ Los rociadores son los del tipo adecuado, al área protegida ? | G60: A | H60: OK | O60: ='Sistema 1'!O61 -> 45814
B61: ¿ Los rociadores instalados son de la temperatura de acuerdo al diseño ? | G61: A | H61: OK | K61: ºF | M61: 165 | O61: ='Sistema 1'!O62 -> 45815
B62: ¿ No presentan ningún daño físico los ramales y cabezales del sistema? | G62: A | H62: OK | O62: ='Sistema 1'!O63 -> 45816
B63: Número de vueltas para el cierre de la válvula de mariposa con indicador. | G63: A | H63: OK | K63: 13 a 33 | L63: 16 | O63: ='Sistema 1'!O64 -> 45817
B64: ¿ Son aprobadas las válvulas de control ? | G64: A | H64: OK | O64: ='Sistema 1'!O65 -> 45818
B65: ¿ Los soportes y colgantes son los adecuados ? | G65: A | H65: OK | O65: ='Sistema 1'!O66 -> 45819
B66: ¿ Los soportes están fijos y asegurados adecuadamente ? | G66: A | H66: OK | O66: ='Sistema 1'!O67 -> 45820
B67: ¿ Los colgantes están fijos y asegurados adecuadamente ? | G67: A | H67: OK | O67: ='Sistema 1'!O68 -> 45821
B68: ¿ El sistema esta libre de derivaciones, ajenas a la protección contra Incendio ? | G68: A | H68: OK | O68: ='Sistema 1'!O69 -> 45822
B69: ¿ Están libres de cargas ajenas los soportes y/o colgantes ? | G69: A | H69: OK | O69: ='Sistema 1'!O70 -> 45823
B70: Lubricar Válvula de control | G70: A | H70: OK | O70: ='Sistema 1'!O71 -> 45824
B71: Ajuste de los soportes del Riser | G71: A | H71: OK | O71: 45809
B72: Registrar Presión Residual con válvula (2") de dren abierta | G72: A | H72: OK | K72: Psi | L72: 150 | O72: 45342
B73: Registrar Presión Estática al finalizar el mantenimiento Anual | G73: A | H73: OK | K73: Psi | L73: 150 | O73: 45342
B75: OBSERVACIONES:

Sheet Sistema 4
P1: FIRE CONTROL SYSTEMS
P2: Bucarest 12 Terranova Nogales, Sonora
P3: Tel. 104-1127 Cel. 631-357-9141 las 24 Hrs.
P4: Patricia Campos Badillo
P5: RFC. CABP721117CW7
B6: REPORTE DE INSPECCION, PRUEBAS Y MANTENIMIENTO A SISTEMAS DE ROCIADORES | P6: E. Mail: firecontrolsystems@hotmail.com
B7: CLIENTE: | C7: Master Lock de Nogales Planta 2 | J7: CONTRATO : | L7: Mensual
B8: ATENCION: | C8: Ing. Julio Landabazo | J8: INSPECTOR : | L8: ='Hidrantes Interiores'!S8 -> Santiago Campos
B9: SERVICIO: | C9: ='Tanque Agua'!C10 -> 7 de 12 | J9: FECHA : | L9: ='Sistema 1'!L9 -> 17 de Julio del 2025
C11: Sistema Nº 4
B13: f = FRECUENCIA M = MENSUAL Q = TRIMESTRAL A = ANUAL | G13: S: SATISFACTORIO N/A: NO APLICA N: NO SATISFACTORIO
B15: SISTEMAS HUMEDOS | G15: f | H15: S | I15: N/A | J15: N | K15: PARAMETROS | L15: LECTURAS | O15: COMENTARIOS
B16: ¿ El sistema se encontró en servicio ? | G16: M | H16: OK
B17: ¿ El stock de rociadores es el adecuado en cantidad y temperatura ? | G17: M | H17: OK | L17: 286ºF - K=11.2
B18: ¿ Se cuenta con las llaves adecuadas de los rociadores ? | G18: M | H18: OK
B19: Cantidad de rociadores instalados de acuerdo al diseño original. | G19: M | H19: OK | L19: 584
B20: ¿ No se han realizado modificaciones en el área protegida con relación al plano del diseño original ? | G20: M | H20: OK
B21: ¿ La válvula hacia los hidrantes esta abierta ? | G21: M | H21: OK
B22: ¿ La válvula hacia los hidrantes esta asegurada y/o supervisada ? | G22: M | H22: OK
B23: ¿ La válvula de control esta accesible ? | G23: M | H23: OK
B24: ¿ La válvula OS&Y opera al cerrarla y retorna a la posición de abierto ? | G24: M | H24: OK
B25: ¿ La válvula de control cierra y retorna a la posición de abierto ? | G25: M | H25: OK
B26: ¿ La válvula de control esta supervisada y/o asegurada ? | G26: M | H26: OK
B27: ¿ Operan los supervisores de válvula ? | G27: M | H27: OK
B28: ¿ Esta delimitada el área del riser del sistema ? | G28: M | H28: OK
B29: ¿ Las válvulas check mantienen la presión ? | G29: M | H29: OK
B30: ¿ La válvula de alarma esta en buen estado ? | G30: M | H30: OK
B31: ¿ La válvula de alarma mantiene la presión ? | G31: M | H31: OK
B32: Presión en la línea de alimentación | G32: M | H32: OK | K32: Psi | L32: 150
B33: ¿ La presión de alimentación es adecuada ? | G33: M | H33: OK
B34: Presión en la línea de rociadores | G34: M | H34: OK | K34: Psi | L34: 160
B35: ¿ La presión del sistema es adecuada ? | G35: M | H35: OK
B36: ¿ Coincide la lectura de los manómetros del riser con el manómetro certificado ? | G36: M | H36: OK
B37: ¿ La válvula de alivio opera adecuadamente ? | G37: M | H37: OK
B38: ¿ Las válvulas reguladora de presión esta abierta ? | G38: M | H38: OK
B39: ¿ Las válvulas reguladora de presión esta en buenas condiciones ? | G39: M | H39: OK
B40: ¿ Las válvulas reguladora de presión esta ajustada de acuerdo al criterio del diseño ? | G40: M | H40: OK | K40: Psi | M40: 175
B41: ¿ La válvula del drene opera adecuadamente ? | G41: M | H41: OK
B42: ¿ El detector de flujo y/o de Presión opera ? | G42: M | H42: OK
B43: ¿ La válvula de alimentación del anticongelante esta abierta ? | G43: M | H43: OK
B44: ¿ La válvula de alimentación del anticongelante esta asegurada ? | G44: M | H44: OK
B45: ¿ La válvula de alivio del la línea de inspección opera ? | G45: M | H45: OK
B46: ¿ Los rociadores están libres de daños y fugas ? | G46: M | H46: OK
B47: ¿ Los rociadores están libres de polvo y pintura ? | G47: M | H47: OK
B48: ¿ Los rociadores se encuentran libres de obstrucción ? | G48: M | H48: OK
B49: ¿ El sistema de rociadores queda en servicio ? | G49: M | H49: OK
B50: ¿ El tablero de alarma se restableció después de las pruebas ? | G50: M | H50: OK
B51: ¿ Quedo sin señales de problema , supervisión y/o alarmas el tablero ? | G51: M | H51: OK
B52: ¿ Se encuentra con placa de calculo el riser del sistema ? | G52: Q | H52: OK | O52: 45839
B53: Presión residual con válvula de drene abierta. | G53: A | H53: OK | K53: PSI | L53: 140 | O53: 45342
B54: ¿ El arreglo de la válvula de inspección es el adecuado ? | G54: A | H54: OK | O54: 45250
B55: Tiempo de respuesta del detector de flujo al abrir la válvula de inspección. | G55: Q | H55: OK | K55: 30 a 60 seg. | L55: 48 | O55: ='Sistema 1'!O53 -> 45809
B56: Tiempo de respuesta del motor de alarma al abrir la válvula de Drain. | G56: A | H56: OK | K56: SEGUNDOS | L56: 6 | O56: 45342
B57: Presión residual con la válvula de inspección. | G57: A | H57: OK | K57: PSI | L57: 155 | O57: 45342
B58: La conexión de bomberos se encuentra accesible y en buenas condiciones | G58: A | H58: OK | O58: ='Sistema 1'!O56 -> 45809
B59: ¿ Los rociadores estándar son de menos de 50 años ? | G59: A | H59: OK | O59: ='Sistema 1'!O57 -> 45810
B60: ¿ Los rociadores residenciales son de menos de 20 años ? | G60: A | H60: OK | O60: ='Sistema 1'!O58 -> 45811
B61: ¿ La cobertura de los rociadores es la adecuada ? | G61: A | H61: OK | O61: ='Sistema 1'!O59 -> 45812
B62: ¿ Los rociadores están instalados en la posición correcta ? | G62: A | H62: OK | O62: ='Sistema 1'!O60 -> 45813
B63: ¿ Los rociadores son los del tipo adecuado, al área protegida ? | G63: A | H63: OK | O63: ='Sistema 1'!O61 -> 45814
B64: ¿ Los rociadores instalados son de la temperatura de acuerdo al diseño ? | G64: A | H64: OK | K64: ºF | M64: 286 | O64: ='Sistema 1'!O62 -> 45815
B65: ¿ No presentan ningún daño físico los ramales y cabezales del sistema? | G65: A | H65: OK | O65: ='Sistema 1'!O63 -> 45816
B66: ¿ El arreglo del sistema anticongelante esta correcto ? | G66: A | H66: OK | O66: ='Sistema 1'!O64 -> 45817
B67: ¿ Se verificó que la mezcla de anticongelante tiene la concentración adecuada ? | G67: A | H67: OK | O67: ='Sistema 1'!O65 -> 45818
B68: Número de vueltas para el cierre de la válvula del poste indicador. | G68: A | H68: OK | K68: 13 a 33 | L68: 20.5 | O68: ='Sistema 1'!O66 -> 45819
B69: ¿ Son aprobadas las válvulas de control ? | G69: A | H69: OK | O69: ='Sistema 1'!O67 -> 45820
B70: ¿ Los soportes y colgantes son los adecuados ? | G70: A | H70: OK | O70: ='Sistema 1'!O68 -> 45821
B71: ¿ Los soportes están fijos y asegurados adecuadamente ? | G71: A | H71: OK | O71: ='Sistema 1'!O69 -> 45822
B72: ¿ Los colgantes están fijos y asegurados adecuadamente ? | G72: A | H72: OK | O72: ='Sistema 1'!O70 -> 45823
B73: ¿ El sistema esta libre de derivaciones, ajenas a la protección contra Incendio ? | G73: A | H73: OK | O73: ='Sistema 1'!O71 -> 45824
B74: ¿ Están libres de cargas ajenas los soportes y/o colgantes ? | G74: A | H74: OK | O74: 45809
B75: Lubricar Válvula de control | G75: A | H75: OK | O75: 45809
B76: Ajuste de los soportes del Riser | G76: A | H76: OK | O76: 45809
B77: Registrar Presión Residual con válvula (2") de dren abierta | G77: A | H77: OK | K77: Psi | L77: 140 | O77: 45342
B78: Registrar Presión Estática al finalizar el mantenimiento Anual | G78: A | H78: OK | K78: Psi | L78: 155 | O78: 45342
B80: OBSERVACIONES:
B82: Niple de linea de dren en el riser presenta oxidación y ligera filtración de agua.
B83: Válvula de paso anterior al manometro de linea de rociadores en riser no sella, al cerrarla.
B84: En oficina de almacen(planta alta) se dividio el area en cubiculos obstruyendo la cobertura de los rociadores, y presenta perforaciones en el plafon.
B85: Se localizo filtracion de agua, en la valvula check en la salida de la linea de alimentacion en riser.
B86: Válvula de alivio no funciona correctamente, no abre para desfogar la sobrepresión en el sistema al rebasar las 175 psi.

Sheet Sistema 5
P1: FIRE CONTROL SYSTEMS
P2: Bucarest 12 Terranova Nogales, Sonora
P3: Tel. 104-1127 Cel. 631-357-9141 las 24 Hrs.
P4: Patricia Campos Badillo
P5: RFC. CABP721117CW7
B6: REPORTE DE INSPECCION, PRUEBAS Y MANTENIMIENTO A SISTEMAS DE ROCIADORES | P6: E. Mail: firecontrolsystems@hotmail.com
B7: CLIENTE: | C7: Master Lock de Nogales Planta 2 | J7: CONTRATO : | L7: Mensual
B8: ATENCIÓN: | C8: Ing. Julio Landabazo | J8: INSPECTOR : | L8: ='Hidrantes Interiores'!S8 -> Santiago Campos
B9: SERVICIO: | C9: ='Tanque Agua'!C10 -> 7 de 12 | J9: FECHA : | L9: ='Sistema 1'!L9 -> 17 de Julio del 2025
C11: Sistema Nº 5
B13: f = FRECUENCIA M = MENSUAL Q = TRIMESTRAL A = ANUAL | G13: S: SATISFACTORIO N/A: NO APLICA N: NO SATISFACTORIO
B15: SISTEMAS HUMEDOS | G15: f | H15: S | I15: N/A | J15: N | K15: PARAMETROS | L15: LECTURAS | O15: COMENTARIOS
B16: ¿ El sistema se encontró en servicio ? | G16: M | H16: OK
B17: ¿ El stock de rociadores es el adecuado en cantidad y temperatura ? | G17: M | H17: OK | L17: 286ºF - K=11.2
B18: ¿ Se cuenta con las llaves adecuadas de los rociadores ? | G18: M | H18: OK
B19: Cantidad de rociadores instalados de acuerdo al diseño original. | G19: M | H19: OK
B20: ¿ No se han realizado modificaciones en el área protegida con relación al plano del diseño original ? | G20: M | H20: OK
B21: ¿ La válvula hacia los hidrantes esta abierta ? | G21: M | H21: OK
B22: ¿ La válvula hacia los hidrantes esta asegurada y/o supervisada ? | G22: M | H22: OK
B23: ¿ La válvula de control esta accesible ? | G23: M | H23: OK
B24: ¿ La válvula OS&Y opera al cerrarla y retorna a la posición de abierto ? | G24: M | H24: OK
B25: ¿ La válvula de control cierra y retorna a la posición de abierto ? | G25: M | H25: OK
B26: ¿ La válvula de control esta supervisada y/o asegurada ? | G26: M | H26: OK
B27: ¿ Operan los supervisores de válvula ? | G27: M | H27: OK
B28: ¿ Esta delimitada el área del riser del sistema ? | G28: M | H28: OK
B29: ¿ Las válvulas check mantienen la presión ? | G29: M | H29: OK
... B31: ¿ La válvula de alarma mantiene la presión ? | G31: M | H31: OK
B32: Presión en la línea de alimentación | G32: M | H32: OK | K32: Psi | L32: 150
B33: ¿ La presión de alimentación es adecuada ? | G33: M | H33: OK
B34: Presión en la línea de rociadores | G34: M | H34: OK | K34: Psi | L34: 160
B35: ¿ La presión del sistema es adecuada ? | G35: M | H35: OK
B36: ¿ Coincide la lectura de los manómetros del riser con el manómetro certificado ? | G36: M | H36: OK
B37: ¿ La válvula de alivio opera adecuadamente ? | G37: M | H37: OK
B38: ¿ Las válvulas reguladora de presión esta abierta ? | G38: M | H38: OK
B39: ¿ Las válvulas reguladora de presión esta en buenas condiciones ? | G39: M | H39: OK
B40: ¿ Las válvulas reguladora de presión esta ajustada de acuerdo al criterio del diseño ? | G40: M | H40: OK | K40: Psi | M40: 175
B41: ¿ La válvula del drene opera adecuadamente ? | G41: M | H41: OK
B42: ¿ El detector de flujo y/o de Presión opera ? | G42: M | H42: OK
B43: ¿ La válvula de alivio del la línea de inspección opera ? | G43: M | H43: OK
B44: ¿ Los rociadores están libres de daños y fugas ? | G44: M | H44: OK
B45: ¿ Los rociadores están libres de polvo y pintura ? | G45: M | H45: OK
B46: ¿ Los rociadores se encuentran libres de obstrucción ? | G46: M | H46: OK
B47: ¿ El sistema de rociadores queda en servicio ? | G47: M | H47: OK
B48: ¿ El tablero de alarma se restableció después de las pruebas ? | G48: M | H48: OK
B49: ¿ Quedo sin señales de problema , supervisión y/o alarmas el tablero ? | G49: M | H49: OK
B50: ¿ Se encuentra con placa de calculo el riser del sistema ? | G50: Q | H50: OK | O50: 45839
B51: Presión residual con válvula de drene abierta. | G51: A | H51: OK | K51: PSI | L51: 155 | O51: 45342
B52: ¿ El arreglo de la válvula de inspección es el adecuado ? | G52: A | H52: OK | O52: 45250
B53: Tiempo de respuesta del detector de flujo al abrir la válvula de inspección. | G53: Q | H53: OK | K53: 30 a 60 seg. | L53: 48 | O53: ='Sistema 1'!O53 -> 45809
B54: Tiempo de respuesta del motor de alarma al abrir la válvula de Drain. | G54: A | H54: OK | K54: SEGUNDOS | L54: 6 | O54: 45342
B55: Presión residual con la válvula de inspección. | G55: A | H55: OK | K55: PSI | L55: 155 | O55: 45342
B56: La conexión de bomberos se encuentra accesible y en buenas condiciones | G56: A | H56: OK | O56: ='Sistema 1'!O56 -> 45809
B57: ¿ Los rociadores estándar son de menos de 50 años ? | G57: A | H57: OK | O57: ='Sistema 1'!O57 -> 45810
B58: ¿ Los rociadores residenciales son de menos de 20 años ? | G58: A | H58: OK | O58: ='Sistema 1'!O58 -> 45811
B59: ¿ La cobertura de los rociadores es la adecuada ? | G59: A | H59: OK | O59: ='Sistema 1'!O59 -> 45812
B60: ¿ Los rociadores están instalados en la posición correcta ? | G60: A | H60: OK | O60: ='Sistema 1'!O60 -> 45813
B61: ¿ Los rociadores son los del tipo adecuado, al área protegida ? | G61: A | H61: OK | O61: ='Sistema 1'!O61 -> 45814
B62: ¿ Los rociadores instalados son de la temperatura de acuerdo al diseño ? | G62: A | H62: OK | K62: ºF | M62: 286 | O62: ='Sistema 1'!O62 -> 45815
B63: ¿ No presentan ningún daño físico los ramales y cabezales del sistema? | G63: A | H63: OK | O63: ='Sistema 1'!O63 -> 45816
B64: Número de vueltas para el cierre de la válvula del poste indicador. | G64: A | H64: OK | K64: 13 a 33 | L64: 20.5 | O64: ='Sistema 1'!O64 -> 45817
B65: ¿ Son aprobadas las válvulas de control ? | G65: A | H65: OK | O65: ='Sistema 1'!O65 -> 45818
B66: ¿ Los soportes y colgantes son los adecuados ? | G66: A | H66: OK | O66: ='Sistema 1'!O66 -> 45819
B67: ¿ Los soportes están fijos y asegurados adecuadamente ? | G67: A | H67: OK | O67: ='Sistema 1'!O67 -> 45820
B68: ¿ Los colgantes están fijos y asegurados adecuadamente ? | G68: A | H68: OK | O68: ='Sistema 1'!O68 -> 45821
B69: ¿ El sistema esta libre de derivaciones, ajenas a la protección contra Incendio ? | G69: A | H69: OK | O69: ='Sistema 1'!O69 -> 45822
B70: ¿ Están libres de cargas ajenas los soportes y/o colgantes ? | G70: A | H70: OK | O70: ='Sistema 1'!O70 -> 45823
B71: Lubricar Válvula de control | G71: A | H71: OK | O71: ='Sistema 1'!O71 -> 45824
B72: Ajuste de los soportes del Riser | G72: A | H72: OK | O72: 45809
B73: Registrar Presión Residual con válvula (2") de dren abierta | G73: A | H73: OK | K73: Psi | L73: 155 | O73: 45342
B74: Registrar Presión Estática al finalizar el mantenimiento Anual | G74: A | H74: OK | K74: Psi | L74: 155 | O74: 45342
B76: OBSERVACIONES :
B78: El riser se encuentra en un cuarto que permanece cerrado por lo que el acceso es limitado y con previa autorización del personal de seguridad.

Sheet Sistema 6
P1: FIRE CONTROL SYSTEMS
P2: Bucarest 12 Terranova Nogales, Sonora
P3: Tel. 104-1127 Cel. 631-357-9141 las 24 Hrs.
P4: Patricia Campos Badillo
P5: RFC. CABP721117CW7
B6: REPORTE DE INSPECCION, PRUEBAS Y MANTENIMIENTO A SISTEMAS DE ROCIADORES | P6: E. Mail: firecontrolsystems@hotmail.com
B7: CLIENTE: | C7: Master Lock de Nogales Planta 2 | J7: CONTRATO : | L7: Mensual
B8: ATENCIÓN: | C8: Ing. Julio Landabazo | J8: INSPECTOR : | L8: ='Hidrantes Interiores'!S8 -> Santiago Campos
B9: SERVICIO: | C9: ='Tanque Agua'!C10 -> 7 de 12 | J9: FECHA : | L9: ='Sistema 1'!L9 -> 17 de Julio del 2025
C11: Sistema Nº 6
B13: f = FRECUENCIA M = MENSUAL Q = TRIMESTRAL A = ANUAL | G13: S: SATISFACTORIO N/A: NO APLICA N: NO SATISFACTORIO
B15: SISTEMAS HUMEDOS | G15: f | H15: S | I15: N/A | J15: N | K15: PARAMETROS | L15: LECTURAS | O15: COMENTARIOS
B16: ¿ El sistema se encontró en servicio ? | G16: M | H16: OK
B17: ¿ El stock de rociadores es el adecuado en cantidad y temperatura ? | G17: M | H17: OK | L17: 286ºF - K=11.2
B18: ¿ Se cuenta con las llaves adecuadas de los rociadores ? | G18: M | H18: OK
B19: Cantidad de rociadores instalados de acuerdo al diseño original. | G19: M | H19: OK | M19: 547
B20: ¿ No se han realizado modificaciones en el área protegida con relación al plano del diseño original ? | G20: M | H20: OK
B21: ¿ La válvula hacia los hidrantes esta abierta ? | G21: M | H21: OK
B22: ¿ La válvula hacia los hidrantes esta asegurada y/o supervisada ? | G22: M | H22: OK
B23: ¿ La válvula de control esta accesible ? | G23: M | H23: OK
B24: ¿ La válvula OS&Y opera al cerrarla y retorna a la posición de abierto ? | G24: M | H24: OK
B25: ¿ La válvula de control cierra y retorna a la posición de abierto ? | G25: M | H25: OK
B26: ¿ La válvula de control esta supervisada y/o asegurada ? | G26: M | H26: OK
B27: ¿ Operan los supervisores de válvula ? | G27: M | H27: OK
B28: ¿ Esta delimitada el área del riser del sistema ? | G28: M | H28: OK
B29: ¿ Las válvulas check mantienen la presión ? | G29: M | H29: OK
B30: ¿ La válvula de alarma esta en buen estado ? | G30: M | H30: OK
B31: ¿ La válvula de alarma mantiene la presión ? | G31: M | H31: OK
B32: Presión en la línea de alimentación | G32: M | H32: OK | K32: Psi | L32: 150
B33: ¿ La presión de alimentación es adecuada ? | G33: M | H33: OK
B34: Presión en la línea de rociadores | G34: M | H34: OK | K34: Psi | L34: 165
B35: ¿ La presión del sistema es adecuada ? | G35: M | H35: OK
B36: ¿ Coincide la lectura de los manómetros del riser con el manómetro certificado ? | G36: M | H36: OK
B37: ¿ La válvula de alivio opera adecuadamente ? | G37: M | H37: OK
B38: ¿ Las válvulas reguladora de presión esta abierta ? | G38: M | H38: OK
B39: ¿ Las válvulas reguladora de presión esta en buenas condiciones ? | G39: M | H39: OK
B40: ¿ Las válvulas reguladora de presión esta ajustada de acuerdo al criterio del diseño ? | G40: M | H40: OK | K40: Psi | M40: 175
B41: ¿ La válvula del drene opera adecuadamente ? | G41: M | H41: OK
B42: ¿ El detector de flujo y/o de Presión opera ? | G42: M | H42: OK
B43: ¿ La válvula de alivio del la línea de inspección opera ? | G43: M | H43: OK
B44: ¿ Los rociadores están libres de daños y fugas ? | G44: M | H44: OK
B45: ¿ Los rociadores están libres de polvo y pintura ? | G45: M | H45: OK
B46: ¿ Los rociadores se encuentran libres de obstrucción ? | G46: M | H46: OK
B47: ¿ El sistema de rociadores queda en servicio ? | G47: M | H47: OK
B48: ¿ El tablero de alarma se restableció después de las pruebas ? | G48: M | H48: OK
B49: ¿ Quedo sin señales de problema , supervisión y/o alarmas el tablero ? | G49: M | H49: OK
B50: ¿ Se encuentra con placa de calculo el riser del sistema ? | G50: Q | H50: OK | O50: 45839
B51: Presión residual con válvula de drene abierta. | G51: A | J51: X | K51: PSI | O51: 45342
B52: ¿ El arreglo de la válvula de inspección es el adecuado ? | G52: A | H52: OK | O52: 45250
B53: Tiempo de respuesta del detector de flujo al abrir la válvula de inspección. | G53: Q | H53: OK | K53: de 30 a 60 seg | L53: 47 | O53: ='Sistema 1'!O53 -> 45809
B54: Tiempo de respuesta del motor de alarma al abrir la válvula de Drain. | G54: A | J54: X | K54: SEGUNDOS | O54: 45342
B55: Presión residual con la válvula de inspección. | G55: A | H55: OK | K55: PSI | L55: 154 | O55: 45342
B56: La conexión de bomberos se encuentra accesible y en buenas condiciones | G56: A | H56: OK | O56: ='Sistema 1'!O56 -> 45809
B57: ¿ Los rociadores estándar son de menos de 50 años ? | G57: A | H57: OK | O57: ='Sistema 1'!O57 -> 45810
B58: ¿ Los rociadores residenciales son de menos de 20 años ? | G58: A | H58: OK | O58: ='Sistema 1'!O58 -> 45811
B59: ¿ La cobertura de los rociadores es la adecuada ? | G59: A | H59: OK | O59: ='Sistema 1'!O59 -> 45812
B60: ¿ Los rociadores están instalados en la posición correcta ? | G60: A | H60: OK | O60: ='Sistema 1'!O60 -> 45813
B61: ¿ Los rociadores son los del tipo adecuado, al área protegida ? | G61: A | H61: OK | O61: ='Sistema 1'!O61 -> 45814
B62: ¿ Los rociadores instalados son de la temperatura de acuerdo al diseño ? | G62: A | H62: OK | K62: ºF | M62: 286 | O62: ='Sistema 1'!O62 -> 45815
B63: ¿ No presentan ningún daño físico los ramales y cabezales del sistema? | G63: A | H63: OK | O63: ='Sistema 1'!O63 -> 45816
B64: Número de vueltas para el cierre de la válvula del poste indicador de pared. | G64: A | H64: OK | K64: 13 a 33 | L64: 20.25 | O64: ='Sistema 1'!O64 -> 45817
B65: ¿ Son aprobadas las válvulas de control ? | G65: A | H65: OK | O65: ='Sistema 1'!O65 -> 45818
B66: ¿ Los soportes y colgantes son los adecuados ? | G66: A | H66: OK | O66: ='Sistema 1'!O66 -> 45819
B67: ¿ Los soportes están fijos y asegurados adecuadamente ? | G67: A | H67: OK | O67: ='Sistema 1'!O67 -> 45820
B68: ¿ Los colgantes están fijos y asegurados adecuadamente ? | G68: A | H68: OK | O68: ='Sistema 1'!O68 -> 45821
B69: ¿ El sistema esta libre de derivaciones, ajenas a la protección contra Incendio ? | G69: A | H69: OK | O69: ='Sistema 1'!O69 -> 45822
B70: ¿ Están libres de cargas ajenas los soportes y/o colgantes ? | G70: A | H70: OK | O70: ='Sistema 1'!O70 -> 45823
B71: Lubricar Válvula de control | G71: A | H71: OK | O71: ='Sistema 1'!O71 -> 45824
B72: Ajuste de los soportes del Riser | G72: A | H72: OK | O72: 45809
B73: Registrar Presión Residual con válvula (2") de dren abierta | G73: A | J73: X | K73: Psi | O73: 45342
B74: Registrar Presión Estática al finalizar el mantenimiento Anual | G74: A | H74: OK | K74: Psi | L74: 152 | O74: 45342
B76: OBSERVACIONES :
B78: Válvula de alivio no sella permite el paso de agua aun cuando la presion en el sistema es menor a la que esta ajustada la valvula, y tuberia del dren desoldada.
B79: Niple de linea del dren en riser del sistema presenta oxidación y ligera filtración de agua.

Sheet Sistema 9
P1: FIRE CONTROL SYSTEMS
P2: Bucarest 12 Terranova Nogales, Sonora
P3: Tel. 104-1127 Cel. 631-357-9141 las 24 Hrs.
P4: Patricia Campos Badillo
P5: RFC. CABP721117CW7
B6: REPORTE DE INSPECCION, PRUEBAS Y MANTENIMIENTO A SISTEMAS DE ROCIADORES | P6: E. Mail: firecontrolsystems@hotmail.com
B7: CLIENTE: | C7: Master Lock de Nogales Planta 2 | J7: CONTRATO : | L7: Mensual
B8: ATENCIÓN: | C8: Ing. Julio Landabazo | J8: INSPECTOR : | L8: ='Hidrantes Interiores'!S8 -> Santiago Campos
B9: SERVICIO: | C9: ='Tanque Agua'!C10 -> 7 de 12 | J9: FECHA : | L9: ='Sistema 1'!L9 -> 17 de Julio del 2025
C11: Sistema Nº 9
B13: f = FRECUENCIA M = MENSUAL Q = TRIMESTRAL A = ANUAL | G13: S: SATISFACTORIO N/A: NO APLICA N: NO SATISFACTORIO
B15: SISTEMAS HUMEDOS | G15: f | H15: S | I15: N/A | J15: N | K15: PARAMETROS | L15: LECTURAS | O15: COMENTARIOS
B16: ¿ El sistema se encontró en servicio ? | G16: M | H16: OK
B17: ¿ El stock de rociadores es el adecuado en cantidad y temperatura ? | G17: M | J17: X | L17: 155ºF - K=5.6 | O17: No cuenta con stock
B18: ¿ Se cuenta con las llaves adecuadas de los rociadores ? | G18: M | H18: OK
B19: Cantidad de rociadores instalados de acuerdo al diseño original. | G19: M | H19: OK | M19: 209
B20: ¿ No se han realizado modificaciones en el área protegida con relación al plano del diseño original ? | G20: M | H20: OK
B21: ¿ La válvula hacia los hidrantes esta abierta ? | G21: M | H21: OK
B22: ¿ La válvula hacia los hidrantes esta asegurada y/o supervisada ? | G22: M | H22: OK
B23: ¿ La válvula de control esta accesible ? | G23: M | H23: OK
B24: ¿ La válvula OS&Y opera al cerrarla y retorna a la posición de abierto ? | G24: M | H24: OK
B25: ¿ La válvula de control cierra y retorna a la posición de abierto ? | G25: M | H25: OK
B26: ¿ La válvula de control esta supervisada y/o asegurada ? | G26: M | H26: OK
B27: ¿ Operan los supervisores de válvula ? | G27: M | H27: OK
B28: ¿ Esta delimitada el área del riser del sistema ? | G28: M | H28: OK
B29: ¿ Las válvulas check mantienen la presión ? | G29: M | H29: OK
B30: ¿ La válvula de alarma esta en buen estado ? | G30: M | H30: OK
B31: ¿ La válvula de alarma mantiene la presión ? | G31: M | H31: OK
B32: Presión en la línea de alimentación | G32: M | J32: X | K32: Psi | L32: 160 | O32: Descalibrado
B33: ¿ La presión de alimentación es adecuada ? | G33: M | J33: X
B34: Presión en la línea de rociadores | G34: M | H34: OK | K34: Psi | L34: 165
B35: ¿ La presión del sistema es adecuada ? | G35: M | H35: OK
B36: ¿ Coincide la lectura de los manómetros del riser con el manómetro certificado ? | G36: M | H36: OK
B37: ¿ La válvula de alivio opera adecuadamente ? | G37: M | H37: OK
B38: ¿ Las válvulas reguladora de presión esta abierta ? | G38: M | H38: OK
B39: ¿ Las válvulas reguladora de presión esta en buenas condiciones ? | G39: M | H39: OK
B40: ¿ Las válvulas reguladora de presión esta ajustada de acuerdo al criterio del diseño ? | G40: M | H40: OK | K40: Psi | M40: 175
B41: ¿ La válvula del drene opera adecuadamente ? | G41: M | H41: OK
B42: ¿ El detector de flujo y/o de Presión opera ? | G42: M | H42: OK
B43: ¿ La válvula de alivio del la línea de inspección opera ? | G43: M | H43: OK
B44: ¿ Los rociadores están libres de daños y fugas ? | G44: M | H44: OK
B45: ¿ Los rociadores están libres de polvo y pintura ? | G45: M | H45: OK
B46: ¿ Los rociadores se encuentran libres de obstrucción ? | G46: M | H46: OK
B47: ¿ El sistema de rociadores queda en servicio ? | G47: M | H47: OK
B48: ¿ El tablero de alarma se restableció después de las pruebas ? | G48: M | H48: OK
B49: ¿ Quedo sin señales de problema , supervisión y/o alarmas el tablero ? | G49: M | H49: OK
B50: ¿ Se encuentra con placa de calculo el riser del sistema ? | G50: Q | H50: OK | O50: 45839
B51: Presión residual con válvula de drene abierta. | G51: A | H51: OK | K51: PSI | L51: 150 | O51: 45342
B52: ¿ El arreglo de la válvula de inspección es el adecuado ? | G52: A | H52: OK | O52: 45250
B53: Tiempo de respuesta del detector de flujo al abrir la válvula de inspección. | G53: Q | H53: OK | K53: 30 a 60 segundos | L53: 43 | O53: ='Sistema 1'!O53 -> 45809
B54: Tiempo de respuesta del motor de alarma al abrir la válvula de Drain. | G54: A | H54: OK | K54: SEGUNDOS | L54: 20 | O54: 45342
B55: Presión residual con la válvula de inspección. | G55: A | H55: OK | K55: PSI | L55: 150 | O55: 45342
B56: La conexión de bomberos se encuentra accesible y en buenas condiciones | G56: A | H56: OK | O56: ='Sistema 1'!O56 -> 45809
B57: ¿ Los rociadores estándar son de menos de 50 años ? | G57: A | H57: OK | O57: ='Sistema 1'!O57 -> 45810
B58: ¿ Los rociadores residenciales son de menos de 20 años ? | G58: A | H58: OK | O58: ='Sistema 1'!O58 -> 45811
B59: ¿ La cobertura de los rociadores es la adecuada ? | G59: A | H59: OK | O59: ='Sistema 1'!O59 -> 45812
B60: ¿ Los rociadores están instalados en la posición correcta ? | G60: A | H60: OK | O60: ='Sistema 1'!O60 -> 45813
B61: ¿ Los rociadores son los del tipo adecuado, al área protegida ? | G61: A | H61: OK | O61: ='Sistema 1'!O61 -> 45814
B62: ¿ Los rociadores instalados son de la temperatura de acuerdo al diseño ? | G62: A | H62: OK | K62: ºF | L62: 286 y 155 | O62: ='Sistema 1'!O62 -> 45815
B63: ¿ No presentan ningún daño físico los ramales y cabezales del sistema? | G63: A | H63: OK | O63: ='Sistema 1'!O63 -> 45816
B64: Número de vueltas para el cierre de la válvula del poste indicador. | G64: A | H64: OK | K64: 13 a 33 | L64: 20 | O64: ='Sistema 1'!O64 -> 45817
B65: ¿ Son aprobadas las válvulas de control ? | G65: A | H65: OK | O65: ='Sistema 1'!O65 -> 45818
B66: ¿ Los soportes y colgantes son los adecuados ? | G66: A | H66: OK | O66: ='Sistema 1'!O66 -> 45819
B67: ¿ Los soportes están fijos y asegurados adecuadamente ? | G67: A | H67: OK | O67: ='Sistema 1'!O67 -> 45820
B68: ¿ Los colgantes están fijos y asegurados adecuadamente ? | G68: A | H68: OK | O68: ='Sistema 1'!O68 -> 45821
B69: ¿ El sistema esta libre de derivaciones, ajenas a la protección contra Incendio ? | G69: A | H69: OK | O69: ='Sistema 1'!O69 -> 45822
B70: ¿ Están libres de cargas ajenas los soportes y/o colgantes ? | G70: A | H70: OK | O70: ='Sistema 1'!O70 -> 45823
B71: Lubricar Válvula de control | G71: A | H71: OK | O71: ='Sistema 1'!O71 -> 45824
B72: Ajuste de los soportes del Riser | G72: A | H72: OK | O72: 45809
B73: Registrar Presión Residual con válvula (2") de dren abierta | G73: A | H73: OK | K73: Psi | L73: 150 | O73: 45342
B74: Registrar Presión Estática al finalizar el mantenimiento Anual | G74: A | H74: OK | K74: Psi | L74: 155 | O74: 45342
B76: OBSERVACIONES :
B77: Válvula de paso anterior al manómetro de presion en linea de descarga en riser presenta filtracion de agua por porosidad.
B78: Manómetro de línea de alimentación en riser descalibrado.
B79: No cuenta con stock de Rociadores 155ºF
B80: En pasillo de la salida de emergencia #12 no se cuenta con rociador y faltan 3 plafones en el techo falso.
B81: En area de comedor hay 6 rociadores con el fusible cubierto de pintura y 2 sin chapetón. En area de cocina hay 3 rociadores desnivelados, 5 sucios de grasa, 2 sin chapetón y faltan plafones en area de lava trastes.
B82: Faltan plafones en area de cubìculos, y en cuarto de limpieza en oficinas planta alta.
B83: Pasillo de salida a producción en oficinas planta alta, sin proteccion de rociadores.

Sheet Sistema 9A
P1: FIRE CONTROL SYSTEMS
P2: Bucarest 12 Terranova Nogales, Sonora
P3: Tel. 104-1127 Cel. 631-357-9141 las 24 Hrs.
P4: Patricia Campos Badillo
P5: RFC. CABP721117CW7
B6: REPORTE DE INSPECCION, PRUEBAS Y MANTENIMIENTO A SISTEMAS DE ROCIADORES | P6: E. Mail: firecontrolsystems@hotmail.com
B7: CLIENTE: | C7: Master Lock de Nogales Planta 2 | J7: CONTRATO : | L7: Mensual
B8: ATENCIÓN: | C8: Ing. Julio Landabazo | J8: INSPECTOR : | L8: ='Hidrantes Interiores'!S8 -> Santiago Campos
B9: SERVICIO: | C9: ='Tanque Agua'!C10 -> 7 de 12 | J9: FECHA : | L9: ='Sistema 1'!L9 -> 17 de Julio del 2025
C11: Sistema Nº 9A In Rack
B13: f = FRECUENCIA M = MENSUAL Q = TRIMESTRAL A = ANUAL | F13: S: SATISFACTORIO N/A: NO APLICA N: NO SATISFACTORIO
B15: SISTEMAS HUMEDOS | G15: f | H15: S | I15: N/A | J15: N | K15: PARAMETROS | L15: LECTURAS | O15: COMENTARIOS
B16: ¿ El sistema se encontró en servicio ? | G16: M | H16: OK
B17: ¿ El stock de rociadores es el adecuado en cantidad y temperatura ? | G17: M | H17: OK | L17: 165ºf
B18: ¿ Se cuenta con las llaves adecuadas de los rociadores ? | G18: M | H18: OK
B19: Cantidad de rociadores instalados de acuerdo al diseño original. | G19: M | H19: OK | M19: 228
B20: ¿ No se han realizado modificaciones en el área protegida con relación al plano del diseño original ? | G20: M | H20: OK
B21: ¿ La válvula de control esta accesible ? | G21: M | H21: OK
B22: ¿ La válvula OS&Y opera al cerrarla y retorna a la posición de abierto ? | G22: M | H22: OK
B23: ¿ La válvula de control cierra y retorna a la posición de abierto ? | G23: M | H23: OK
B24: ¿ La válvula de control esta supervisada y/o asegurada ? | G24: M | H24: OK
B25: ¿ Operan los supervisores de válvula ? | G25: M | H25: OK
B26: ¿ Esta delimitada el área del riser del sistema ? | G26: M | H26: OK
B27: ¿ Las válvulas check mantienen la presión ? | G27: M | H27: OK
B28: ¿ La válvula de alarma esta en buen estado ? | G28: M | H28: OK
B29: ¿ La válvula de alarma mantiene la presión ? | G29: M | H29: OK
B30: Presión en la línea de alimentación | G30: M | H30: OK | K30: Psi | L30: 157
B31: ¿ La presión de alimentación es adecuada ? | G31: M | H31: OK
B32: Presión en la línea de rociadores | G32: M | H32: OK | K32: Psi | L32: 160 | O32: Valvula dañda
B33: ¿ La presión del sistema es adecuada ? | G33: M | H33: OK
B34: ¿ Coincide la lectura de los manómetros del riser con el manómetro certificado ? | G34: M | H34: OK
B35: ¿ La válvula de alivio opera adecuadamente ? | G35: M | H35: OK
B36: ¿ Las válvulas reguladora de presión esta abierta ? | G36: M | H36: OK
B37: ¿ Las válvulas reguladora de presión esta en buenas condiciones ? | G37: M | H37: OK
B38: ¿ Las válvulas reguladora de presión esta ajustada de acuerdo al criterio del diseño ? | G38: M | H38: OK | K38: Psi | M38: 175
B39: ¿ La válvula del drene opera adecuadamente ? | G39: M | H39: OK
B40: ¿ El detector de flujo y/o de Presión opera ? | G40: M | H40: OK
B41: ¿ La válvula de alivio del la línea de inspección opera ? | G41: M | H41: OK
B42: ¿ Las guardas de los rociadores son las aprobadas ? | G42: M | H42: OK | K42: UL o FM
B43: ¿ Los rociadores están libres de daños y fugas ? | G43: M | H43: OK
B44: ¿ Los rociadores están libres de polvo y pintura ? | G44: M | H44: OK
B45: ¿ Los rociadores se encuentran libres de obstrucción ? | G45: M | H45: OK | O45: No estan centrados
B46: ¿ El sistema de rociadores queda en servicio ? | G46: M | H46: OK
B47: ¿ El tablero de alarma se restableció después de las pruebas ? | G47: M | H47: OK
B48: ¿ Quedo sin señales de problema , supervisión y/o alarmas el tablero ? | G48: M | H48: OK
B49: ¿ Se encuentra con placa de calculo el riser del sistema ? | G49: Q | H49: OK | O49: 45858
B50: Presión residual con válvula de drene abierta. | G50: A | H50: OK | K50: PSI | L50: 145 | O50: 45342
B51: ¿ El arreglo de la válvula de inspección es el adecuado ? | G51: A | H51: OK | O51: 45250
B52: Tiempo de respuesta del detector de flujo al abrir la válvula de inspección. | G52: Q | H52: OK | K52: de 30 a 60 seg. | L52: 43 | O52: ='Sistema 1'!O53 -> 45809
B53: Tiempo de respuesta del motor de alarma al abrir la válvula de Drain. | G53: A | H53: OK | K53: SEGUNDOS | L53: 15 | O53: 45342
B54: Presión residual con la válvula de inspección. | G54: A | H54: OK | K54: PSI | L54: 145 | O54: 45342
B55: La conexión de bomberos se encuentra accesible y en buenas condiciones | G55: A | H55: OK | O55: ='Sistema 1'!O56 -> 45809
B56: ¿ Los rociadores estándar son de menos de 50 años ? | G56: A | H56: OK | O56: ='Sistema 1'!O57 -> 45810
B57: ¿ Los rociadores residenciales son de menos de 20 años ? | G57: A | H57: OK | O57: ='Sistema 1'!O58 -> 45811
B58: ¿ La cobertura de los rociadores es la adecuada ? | G58: A | H58: OK | O58: ='Sistema 1'!O59 -> 45812
B59: ¿ Los rociadores están instalados en la posición correcta ? | G59: A | H59: OK | O59: ='Sistema 1'!O60 -> 45813
B60: ¿ Los rociadores son los del tipo adecuado, al área protegida ? | G60: A | H60: OK | O60: ='Sistema 1'!O61 -> 45814
B61: ¿ Los rociadores instalados son de la temperatura de acuerdo al diseño ? | G61: A | H61: OK | K61: ºF | L61: 165 | O61: ='Sistema 1'!O62 -> 45815
B62: ¿ No presentan ningún daño físico los ramales y cabezales del sistema? | G62: A | H62: OK | O62: ='Sistema 1'!O63 -> 45816
B63: Número de vueltas para el cierre de la válvula de mariposa con indicador. | G63: A | H63: OK | K63: 13 a 33 | L63: 16.5 | O63: ='Sistema 1'!O64 -> 45817
B64: ¿ Son aprobadas las válvulas de control ? | G64: A | H64: OK | O64: ='Sistema 1'!O65 -> 45818
B65: ¿ Los soportes y colgantes son los adecuados ? | G65: A | H65: OK | O65: ='Sistema 1'!O66 -> 45819
B66: ¿ Los soportes están fijos y asegurados adecuadamente ? | G66: A | H66: OK | O66: ='Sistema 1'!O67 -> 45820
B67: ¿ Los colgantes están fijos y asegurados adecuadamente ? | G67: A | H67: OK | O67: ='Sistema 1'!O68 -> 45821
B68: ¿ El sistema esta libre de derivaciones, ajenas a la protección contra Incendio ? | G68: A | H68: OK | O68: ='Sistema 1'!O69 -> 45822
B69: ¿ Están libres de cargas ajenas los soportes y/o colgantes ? | G69: A | H69: OK | O69: ='Sistema 1'!O70 -> 45823
B70: Lubricar Válvula de control | G70: A | H70: OK | O70: ='Sistema 1'!O71 -> 45824
B71: Ajuste de los soportes del Riser | G71: A | H71: OK | O71: 45809
B72: Registrar Presión Residual con válvula (2") de dren abierta | G72: A | H72: OK | K72: Psi | L72: 145 | O72: 45342
B73: Registrar Presión Estática al finalizar el mantenimiento Anual | G73: A | H73: OK | K73: Psi | L73: 152 | O73: 45342
B75: OBSERVACIONES :
B77: Válvula de paso anterior al manómetro de linea de alimentación en riser, no sella al cerrarla.
B78: Válvula de paso anterior al manómetro de linea de descarga en riser, tiene filtración de agua por porosidad.
B79: valvula de manometro de rociadores dañada, esta cerrada para evitar fuga

Sheet Detec. de Flujo
V1: FIRE CONTROL SYSTEMS
V2: Bucarest # 12 Terranova
V3: Tel. Fax: 1041127 y Cel 6313579141 las 24 Hrs.
V4: Patricia Campos Badillo
V5: RFC. CABP721117CW7
B6: REPORTE DE INSPECCIÓN, PRUEBAS Y MANTENIMIENTO TRIMESTRAL A DETECTORES DE FLUJO | V6: firecontrolsystems@hotmail.com
B7: CLIENTE : | D7: Master Lock de Nogales Planta 2 | Q7: CONTRATO : | S7: Mensual
B8: ATENCION : | D8: Ing. Julio Landabazo | Q8: INSPECTOR: | S8: Yosafat Guerrero
B9: SERVICIO : | D9: 01 de 12 | Q9: FECHA: | S9: 20 de febrero del 2025
A10: 98i
D11: DETECTORES DE FLUJO
B13: F = FRECUENCIA M = MENSUAL Q = TRIMESTRAL A = ANUAL
B15: S: SATISFACTORIO N/A: NO APLICA X: NO SATISFACTORIO
B17: Direcciòn | C17: Ubicación | G17: F | H17: Alarma | I17: Señal al tablero | K17: Limpieza interna | L17: Signos de Filtraciòn | M17: Signos de corrosiòn | N17: Terminales sulfatadas | O17: Tiempo de respuesta | Q17: Parametro | R17: Fecha de prueba | T17: Comentarios
B18: M-024 | C18: Riser Sistema Nº 1 | G18: Q | H18: X | I18: OK | K18: OK | L18: OK | M18: OK | N18: OK | O18: 37 | Q18: 30 a 60 seg. | R18: 45627
B19: M-025 | C19: Riser Sistema Nº 1A | G19: Q | H19: OK | I19: OK | K19: OK | L19: OK | M19: OK | N19: OK | O19: 42 | Q19: 30 a 60 seg. | R19: 45627
B20: M-027 | C20: Riser Sistema Nº 1B | G20: Q | H20: X | I20: N/A | K20: N/A | L20: N/A | M20: N/A | N20: N/A | O20: N/A | T20: Fuera de Servicio
B21: M-006 | C21: Riser Sistema Nº 2 | G21: Q | H21: X | I21: OK | K21: OK | L21: OK | M21: OK | N21: OK | O21: 40 | Q21: 30 a 60 seg. | R21: 45627
B22: M-008 | C22: Riser Sistema Nº 2 A | G22: Q | H22: X | I22: OK | K22: OK | L22: OK | M22: OK | N22: OK | O22: 47 | Q22: 30 a 60 seg. | R22: 45628
B23: M-010 | C23: Riser Sistema Nº 3 | G23: Q | H23: X | I23: OK | K23: OK | L23: OK | M23: OK | N23: OK | O23: 38 | Q23: 30 a 60 seg. | R23: 45629
B24: M-011 | C24: Riser Sistema Nº 3A | G24: Q | H24: X | I24: OK | K24: OK | L24: OK | M24: OK | N24: OK | O24: 48 | Q24: 30 a 60 seg. | R24: 45630
B25: M-019 | C25: Riser Sistema Nº 4 | G25: Q | H25: X | I25: OK | K25: OK | L25: OK | M25: OK | N25: OK | O25: 48 | Q25: 30 a 60 seg. | R25: 45631
B26: M-085 | C26: Riser Sistema Nº 5 | G26: Q | H26: X | I26: OK | K26: OK | L26: OK | M26: OK | N26: OK | O26: 48 | Q26: 30 a 60 seg. | R26: 45632
B27: M-016 | C27: Riser Sistema Nº 6 | G27: Q | H27: X | I27: OK | K27: OK | L27: OK | M27: OK | N27: OK | O27: 47 | Q27: 30 a 60 seg. | R27: 45633
B28: M-018 | C28: Riser Sistema Nº 7 | G28: Q | H28: X | I28: N/A | K28: N/A | L28: N/A | M28: N/A | N28: N/A | O28: N/A | T28: Fuera de Servicio
B29: M-005 | C29: Riser Sistema Nº 9 | G29: Q | H29: X | I29: OK | K29: OK | L29: OK | M29: OK | N29: OK | O29: 43 | Q29: 30 a 60 seg. | R29: 45633
B30: M-004 | C30: Riser Sistema Nº 9A | G30: Q | H30: X | I30: X | K30: OK | L30: X | M30: OK | N30: OK | O30: 43 | Q30: 30 a 60 seg. | R30: 45633
B31: M-060 | C31: Rociadores Cto de Bombas | G31: Q | H31: OK | I31: OK | K31: OK | L31: OK | M31: OK | N31: OK | O31: 50 | Q31: 30 a 60 seg. | R31: 45633 | T31: filtración
B33: OBSERVACIONES :
B35: Se realizo prueba trimestral de tiempo de respuesta de los detectores de flujo.
B36: Se detecto corrosion por filtración de agua en el sensor de flujo del sistema de rociadores del cuarto de bombas.
J40: ELABORÒ
J41: =S8 -> Yosafat Guerrero
J43: =S9 -> 20 de febrero del 2025
J44: NOMBRE,FIRMA Y FECHA

Sheet Pruebas anuales de drenaje 
S1: FIRE CONTROL SYSTEMS
S2: Bucarest # 12 Terranova
S3: Tel. Fax: 1041127 y Cel 6313579141 las 24 Hrs.
S4: Patricia Campos Badillo
S5: RFC. CABP721117CW7
B6: Pruebas de Drenaje Principal Anual a Sistemas Humedos. | S6: firecontrolsystems@hotmail.com
B7: Cliente: | C7: Master Lock de Nogales Planta 2 | O7: CONTRATO : | Q7: Mensual
B8: Atención: | C8: Ing. Julio Landabazo | O8: INSPECTOR: | Q8: Santiago Campos
B9: Servicio: | C9: 2 de 12 | O9: FECHA: | Q9: 21 de febrero del 2024
B11: Las pruebas se realizaron utilizando medidores de presión certificados y calibrados.
B12: F = FRECUENCIA M = MENSUAL Q = TRIMESTRAL A = ANUAL
B14: S: SATISFACTORIO N/A: NO APLICA X: NO SATISFACTORIO
B15: Prueba Realizada | E15: F | F15: Riser Sistema 1 | G15: Riser Sistema 1A | H15: Riser Sistema 2 | I15: Riser Sistema 2A | J15: Riser Sistema 3 | K15: Riser Sistema 3A | L15: Riser Sistema 4 | M15: Riser Sistema 5 | N15: Riser Sistema 6 | O15: Riser Sistema 9 | P15: Riser Sistema 9A | Q15: Comentarios
B16: Presión estática al final del servicio anual. | E16: A | F16: 148 PSI | G16: 150 PSI | H16: 150 PSI | I16: 154 PSI | J16: 150 PSI | K16: 150 PSI | L16: 152 PSI | M16: 155 PSI | N16: 152 PSI | O16: 155 PSI | P16: 152 PSI
B17: Presión residual con válvula (2") de Dren abierta | E17: A | F17: 145 PSI | G17: 150 PSI | I17: 145 PSI | J17: 148 PSI | K17: 150 PSI | L17: 140 PSI | M17: 155 PSI | O17: 150 PSI | P17: 145 PSI
B18: Tiempo de respuesta del motor de alarma al abrir la válvula Drain. | E18: A | F18: 09 SEG. | G18: 11 SEG. | I18: 21 SEG. | J18: 15 SEG. | K18: 08 SEG. | L18: 06 SEG. | M18: 06 SEG. | O18: 20 SEG. | P18: 15 SEG.
B19: Presión residual con válvula de inspección abierta | E19: A | F19: 148 PSI | G19: 150 PSI | H19: 155 PSI | I19: 155 PSI | J19: 150 PSI | K19: 153 PSI | L19: 155 PSI | M19: 155 PSI | N19: 154 PSI | O19: 150 PSI | P19: 160 PSI
B20: Tiempo de respuesta del motor de alarma al abrir la válvula de Inspección. | E20: A | F20: 60 SEG. | G20: 33 SEG. | H20: 52 SEG. | I20: 20 SEG. | J20: 57 SEG. | K20: 21 SEG. | L20: 35 SEG. | M20: 32 SEG. | N20: 39 SEG. | O20: 45 SEG. | P20: 30 SEG.
B22: OBSERVACIONES:
B24: No se realizaron pruebas de drenaje a sistemas de rociadores N° 2 y 6 los cuales cuentan con filtacion de agua en tuberias de dren y Riser.
I30: ELABORÒ
I31: =Q8 -> Santiago Campos
I33: =Q9 -> 21 de febrero del 2024
I34: NOMBRE,FIRMA Y FECHA

Sheet Panel de Alarma
O1: FIRE CONTROL SYSTEMS
O2: Bucarest 12 Terranova Nogales, Sonora
N3: Tel. Fax: 1041127 y Cel 044633579141 las 24 Hrs.
O4: Patricia Campos Badillo
O5: RFC. CABP721117CW7
O6: firecontrolsystems@hotmail.com
B7: REPORTE DE INSPECCION, PRUEBAS Y MANTENIMIENTO A TABLERO DE CONTROL DEL SISTEMA DE ALARMA Y DETECCION
B8: CLIENTE: | C8: Master Lock de Nogales Planta 2 | K8: CONTRATO : | M8: Mensual
B9: ATENCIÓN: | C9: Ing. Julio Landabazo | K9: INSPECTOR : | M9: ='Hidrantes Interiores'!S8 -> Santiago Campos
B10: SERVICIO: | C10: ='Tanque Agua'!C10 -> 7 de 12 | K10: FECHA : | M10: 15 de julio del 2025
C12: PANEL DE ALARMA
B14: f = FRECUENCIA M = MENSUAL Q = TRIMESTRAL A = ANUAL | H14: S: SATISFACTORIO N/A: NO APLICA N: NO SATISFACTORIO
B16: SISTEMA DE ALARMA Y DETECCION | H16: f | I16: S | J16: N/A | K16: N | L16: PARAMETROS | M16: LECTURAS | N16: COMENTARIOS
B17: ¿ Se tiene la tarjeta de permiso para puesta fuera de servicio autorizada por el cliente ? | H17: M | J17: N/A
B18: ¿ El Tablero esta accesible ? | H18: M | I18: OK
B19: ¿ La temperatura del cuarto es la adecuada ? | H19: M | I19: OK | L19: ºC | M19: 20°
B20: ¿ El Tablero esta en operación ? | H20: M | I20: OK
B21: ¿ El Tablero esta libre de señalización de alarmas ? | H21: M | I21: OK
B22: ¿ El Tablero esta libre de señalización de problemas ? | H22: M | I22: OK
B23: ¿ El Tablero esta libre de señalización de supervisión ? | H23: M | I23: OK
B24: ¿ El Tablero esta libre de señalización de seguridad ? | H24: M | I24: OK
B25: ¿ El Tablero esta libre de la falla a tierra ? | H25: M | I25: OK
B26: ¿ Esta habilitada la detección de las fallas a tierra ? | H26: M | I26: OK
B27: ¿ Las condiciones internas en el Tablero son las adecuadas ? | H27: M | I27: OK
B28: ¿ Las terminales se encuentran bien apretadas ? | H28: M | I28: OK
B29: ¿ Las terminales se encuentran libres de Sulfato ? | H29: M | I29: OK
B30: ¿ La acometida del tablero es independiente ? | H30: M | I30: OK
B31: ¿ El interruptor principal esta asegurado e identificado ? | H31: M | I31: OK
B32: ¿ El voltaje de C.A. de la fuente primaria es el adecuado ? | H32: M | I32: OK | L32: VOLTS AC | M32: 119.7
B33: ¿ El voltaje del cargador es el correcto ? | H33: M | I33: OK | L33: VOLTS DC | M33: 27.5
B34: ¿ El voltaje de las baterías es el adecuado ? | H34: M | I34: OK | L34: VOLTS DC | M34: 13.67 - 14.01
B35: ¿ La alimentación secundaria opera adecuadamente ? | H35: M | I35: OK | L35: VOLTS DC | M35: 27.6
B36: ¿ La capacidad de las baterías es la adecuada ? | H36: Q | I36: OK | L36: VOLTS DC | M36: 12 vcd c/u | N36: 45839
B37: ¿ La corriente del cargador es la adecuada ? | H37: Q | I37: OK | N37: 45840
B38: ¿ El display opera adecuadamente ? | H38: Q | I38: OK | N38: 45841
B39: ¿ Los módulos aparentan estar funcionando ? | H39: A | I39: OK | N39: 45842
B40: ¿ La simulación de alarma opera adecuadamente ? | H40: A | I40: OK | N40: 45843
B41: ¿ La tecla de silenciar la alarma opera ? | H41: A | I41: OK | N41: 45844
B42: ¿ La tecla de restablecimiento en alarma opera ? | H42: A | I42: OK | N42: 45845
B43: ¿ La simulación de problema opera adecuadamente ? | H43: A | I43: OK | N43: 45846
B44: ¿ La tecla de silenciar problema opera ? | H44: A | I44: OK | N44: 45847
B45: ¿ La tecla de restablecimiento en problema opera ? | H45: A | I45: OK | N45: 45848
B46: ¿ La tecla de DRILL opera ? | H46: A | I46: OK | N46: 45849
B47: ¿ La señal audible interna del tablero opera ? | H47: A | I47: OK | N47: 45848
B48: ¿ La fecha y la hora son las correctas ? | H48: A | I48: OK | N48: 45848
B49: ¿ La señal de alarma y problema se recibió en el anunciador ? | H49: A | K49: N/A
B50: ¿ Los anunciadores remotos operan correctamente ? | H50: A | K50: N/A
B52: OBSERVACIONES :
B53: Módulo de control de paro de conveyor no realiza su funcion ya que al activarse la alarma general no se detiene la operación del conveyor.
B54: No se han realizado pruebas a la totalidad de los detectores de humo instalados en los ductos ya que hay personal laborando debajo de ellos.
B55: Detectores de humo compresores se encuentran deshabilitados.
G59: ELABORO :
G60: =M9 -> Santiago Campos
G62: =M10 -> 15 de julio del 2025
G63: NOMBRE, FIRMA Y FECHA

Sheet Estaciones Manuales
O1: FIRE CONTROL SYSTEMS
O2: Bucarest 12 Terranova Nogales, Sonora
O3: Tel.: 1041127 y Cel 044633579141 las 24 Hrs.
O4: Patricia Campos Badillo
O5: RFC. CABP721117CW7
B6: REPORTE DE INSPECCION, PRUEBAS Y MANTENIMIENTO A DISPOSITIVOS DEL SISTEMA DE ALARMA Y DETECCION DIRECCIONADO | O6: firecontrolsystems@hotmail.com
B7: CLIENTE : | D7: Master Lock de Nogales Planta 2 | L7: CONTRATO : | M7: Mensual
B8: ATENCION : | D8: Ing. Julio Landabazo | L8: INSPECTOR : | M8: ='Hidrantes Interiores'!S8 -> Santiago Campos
B9: SERVICIO : | D9: ='Tanque Agua'!C10 -> 7 de 12 | L9: FECHA : | M9: 15 de julio del 2025
F11: ESTACIONES MANUALES
D13: Satisfactorio : | F13: OK | G13: No Satisfactorio : | I13: X | K13: No Aplica : | L13: N/A | M13: E/M : | N13: ESTACION MANUAL
B14: ZONA | C14: DIRECCION | D14: TIPO | E14: UBICACIÒN | H14: COBERTURA | I14: OBSTRUCCION | J14: ALARMA | K14: LIMPIEZA | L14: CANALIZACION | M14: OBSERVACIONES
B16: Z006 | C16: M031 | D16: E/M | E16: Cuarto tratado de agua | H16: OK | I16: OK | J16: OK | K16: OK | L16: OK
B17: Z006 | C17: M037 | D17: E/M | E17: Salida Emergencia Nº 1 | H17: OK | I17: OK | J17: OK | K17: OK | L17: OK
B18: Z006 | C18: M038 | D18: E/M | E18: Salida Emergencia Nº 2 | H18: OK | I18: OK | J18: OK | K18: OK | L18: OK
B19: Z006 | C19: M039 | D19: E/M | E19: Salida Emergencia Nº 3 | H19: OK | I19: OK | J19: OK | K19: OK | L19: OK
B20: Z006 | C20: M040 | D20: E/M | E20: Salida Emergencia Nº 4 | H20: OK | I20: OK | J20: OK | K20: OK | L20: OK
B21: Z006 | C21: M041 | D21: E/M | E21: Salida Emergencia Nº 5 | H21: OK | I21: OK | J21: OK | K21: OK | L21: OK
B22: Z006 | C22: M043 | D22: E/M | E22: Salida Emergencia Nº 6 | H22: OK | I22: OK | J22: OK | K22: OK | L22: OK
B23: Z006 | C23: M044 | D23: E/M | E23: Cortina electrica 13 | H23: OK | I23: OK | J23: OK | K23: OK | L23: OK
B24: Z006 | C24: M045 | D24: E/M | E24: Salida Emergencia Nº 7 | H24: OK | I24: OK | J24: OK | K24: OK | L24: OK
B25: Z006 | C25: M046 | D25: E/M | E25: Cortina Automotriz | H25: OK | I25: OK | J25: OK | K25: OK | L25: OK
B26: Z006 | C26: M047 | D26: E/M | E26: Salida Emergencia Nº 8 | H26: OK | I26: OK | J26: OK | K26: OK | L26: OK
B27: Z006 | C27: M048 | D27: E/M | E27: Salida Emergencia Nº 9 | H27: OK | I27: OK | J27: OK | K27: OK | L27: OK
... B39: Z006 | C39: M097 | D39: E/M | E39: Cuarto de soldadura mantto | H39: OK | I39: OK | J39: OK | K39: OK | L39: OK
B40: OBSERVACIONES :
B42: Se realizò la activaciòn a las estaciones manuales para verificar que envìa señal al panel de alarma.
B43: Estacion manual en el exterior del cuarto de residuos temporales quimicos no está monitoreada por panel de alarma.

Sheet Detectores de Humo
K1: FIRE CONTROL SYSTEMS
K2: Bucarest 12 Terranova Nogales, Sonora
K3: Tel. Fax: 1041127 y Cel 044633579141 las 24 Hrs.
K4: Patricia Campos Badillo
K5: RFC. CABP721117CW7
K6: firecontrolsystems@hotmail.com
B7: REPORTE DE INSPECCION, PRUEBAS Y MANTENIMIENTO A DISPOSITIVOS DEL SISTEMA DE ALARMA Y DETECCION DIRECCIONADO
B8: CLIENTE : | D8: Master Loock de Nogales Planta 2 | J8: CONTRATO : | K8: Mensual
B9: ATENCION : | D9: Ing. Julio Landabazo | J9: INSPECTOR : | K9: ='Hidrantes Interiores'!S8 -> Santiago Campos
B10: SERVICIO : | D10: ='Tanque Agua'!C10 -> 7 de 12 | J10: FECHA : | K10: 15 de julio del 2025
D12: DETECTORES DE HUMO Y CALOR
C14: Satisfactorio | E14: OK | F14: No Satisfactorio : X | H14: N/A | J14: D/H : | K14: Detecttor de Humo
J15: D/C : | K15: Detector de Calor
B16: DISPOSITIVOS DEL SISTEMA DE ALARMA Y DETECCION DIRECCIONADO
B17: ZONA | C17: DIRECCION | D17: TIPO | E17: AREA PROTEGIDA | F17: COBERTURA | G17: OBSTRUCCION | H17: ALARMA | I17: CANALIZACION | J17: Porcentaje en la Cámara | K17: OBSERVACIONES
B19: Z006 | C19: D002 | D19: D/H | E19: Comedor Planta Alta | F19: OK | G19: OK | H19: OK | I19: OK | J19: 0
B20: Z006 | C20: D003 | D20: D/H | E20: Site | F20: OK | G20: OK | H20: OK | I20: OK | J20: 0
B21: Z006 | C21: D004 | D21: D/H | E21: Doctor | F21: OK | G21: OK | H21: OK | I21: OK | J21: 0
B22: Z006 | C22: D005 | D22: D/H | E22: Archivo Muerto R.H. | F22: OK | G22: OK | H22: OK | I22: OK | J22: 0
B23: Z006 | C23: D006 | D23: D/H | E23: Cocineta R.H. | F23: OK | G23: OK | H23: OK | I23: OK | J23: 0
B24: Z006 | C24: D007 | D24: D/H | E24: Monitores | F24: OK | G24: OK | H24: OK | I24: OK | J24: 0
B25: Z006 | C25: D008 | D25: D/H | E25: Sala Juntas Magnum | F25: OK | G25: OK | H25: OK | I25: OK | J25: 0
B26: Z003 | C26: D009 | D26: D/H | E26: Recursos humanos | F26: OK | G26: OK | H26: OK | I26: OK | J26: 0
B27: Z006 | C27: D010 | D27: D/H | E27: Pasillo R.H. | F27: OK | G27: OK | H27: OK | I27: OK | J27: 0
B28: Z006 | C28: D011 | D28: D/H | E28: Comedor 3 | F28: OK | G28: OK | H28: OK | I28: OK | J28: 0
B29: Z006 | C29: D012 | D29: D/H | E29: Audiometría | F29: OK | G29: OK | H29: OK | I29: OK | J29: 0
B30: Z006 | C30: D013 | D30: D/H | E30: Nominas | F30: OK | G30: OK | H30: OK | I30: OK | J30: 0
... B44: Z006 | C44: D040 | D44: D/H | E44: Taller Mantenimiento | F44: OK | G44: OK | H44: OK | I44: OK | J44: 0
B45: Z006 | C45: D041 | D45: D/H
B46: Z006 | C46: D042 | D46: D/H
B47: Z006 | C47: D043 | D47: D/H | E47: Cuarto Electrico | F47: OK | G47: OK | H47: OK | I47: OK | J47: 0
B48: Z006 | C48: D044 | D48: D/H | E48: Cuarto Electrico | F48: OK | G48: OK | H48: OK | I48: OK | J48: 0
B49: Z006 | C49: D045 | D49: D/H | E49: Compresores | F49: OK | G49: OK | H49: OK | I49: OK | J49: 0
B50: Z006 | C50: D046 | D50: D/H | E50: Compresores | F50: OK | G50: OK | H50: OK | I50: OK | J50: 0
B51: Z006 | C51: D048 | D51: D/H | E51: Archivo Muerto Planta Baja | F51: OK | G51: OK | H51: OK | I51: OK | J51: 0
B52: Z006 | C52: D049 | D52: D/H (DUCTP) | E52: Ducto # 01 | F52: OK | G52: OK | H52: OK | I52: OK | J52: 0
B53: Z006 | C53: D050 | D53: D/H (DUCTP) | E53: Ducto # 02 | F53: OK | H53: OK | J53: 0
B54: Z006 | C54: D051 | D54: D/H (DUCTP) | E54: Ducto # 03 | F54: OK | H54: OK | J54: 0
B55: Z006 | C55: D052 | D55: D/H (DUCTP) | E55: Ducto # 04 | F55: OK | H55: OK | J55: 0
B56: Z006 | C56: D053 | D56: D/H (DUCTP) | E56: Ducto # 06 | F56: OK | G56: OK | H56: OK | I56: OK | J56: 0
B57: Z006 | C57: D054 | D57: D/H (DUCTP) | E57: Ducto # 07 | F57: OK | G57: OK | H57: OK | I57: OK | J57: 0
B58: Z006 | C58: D055 | D58: D/H (DUCTP) | E58: Ducto # 08 | F58: OK | G58: OK | H58: OK | I58: OK | J58: 0
B59: Z006 | C59: D056 | D59: D/H (DUCTP) | E59: Ducto # 09 | F59: OK | H59: OK | J59: 0
B60: Z006 | C60: D057 | D60: D/H (DUCTP) | E60: Ducto # 10 | F60: OK | H60: OK | J60: 0
B61: Z006 | C61: D058 | D61: D/H (DUCTP) | E61: Ducto # 14 | F61: OK | H61: OK | J61: 0
B62: Z006 | C62: D059 | D62: D/H (DUCTP) | E62: Ducto # 13 | F62: OK | H62: OK | J62: 0
B63: Z006 | C63: D060 | D63: D/H (DUCTP) | E63: Ducto # 12 | F63: OK | H63: OK | J63: 0
B64: Z006 | C64: D061 | D64: D/H (DUCTP) | E64: Ducto # 11 | F64: OK | H64: OK | J64: 0
B65: Z006 | C65: D062 | D65: D/H | E65: Sala de Juntas 2° piso | F65: OK | G65: OK | H65: OK | I65: OK | J65: 0
B66: Z004 | C66: D063 | D66: D/H | E66: Lactancia | F66: OK | G66: OK | H66: OK | I66: OK | J66: 0
B67: Z004 | C67: D065 | D67: D/H | E67: Sala de espera enfermeria | F67: OK | G67: OK | H67: OK | I67: OK | J67: 0
B68: Z004 | C68: D065 | D68: D/H | E68: Enfermeria | F68: OK | G68: OK | H68: OK | I68: OK | J68: 0
B69: Z004 | C69: D070 | D69: D/H | E69: Entrada Mezanine | F69: OK | G69: OK | H69: OK | I69: OK | J69: 0
B70: Z004 | C70: D071 | D70: D/H | E70: Cubiculos Mezanine | F70: OK | G70: OK | H70: OK | I70: OK | J70: 0
B71: Z004 | C71: D072 | D71: D/H | E71: Cubiculos Mezanine | F71: OK | G71: OK | H71: OK | I71: OK | J71: 0
B72: Z004 | C72: D073 | D72: D/H | E72: Impresora Mezanine | F72: OK | G72: OK | H72: OK | I72: OK | J72: 0
B73: Z003 | C73: D074
B74: Z000 | C74: D075 | D74: D/H | E74: Archivo EHS Mezanine | F74: OK | G74: OK | H74: OK | I74: OK | J74: 0
B75: Z004 | C75: D076 | D75: D/H | E75: Cubiculos Mezanine | F75: OK | G75: OK | H75: OK | I75: OK | J75: 0
B76: Z004 | C76: D077 | D76: D/H | E76: Salida a Produccion Mezanine | F76: OK | G76: OK | H76: OK | I76: OK | J76: 0
B77: Z004 | C77: D078 | D77: D/H | E77: Sala Tetragon Mezanine | F77: OK | G77: OK | H77: OK | I77: OK | J77: 0
B78: Z004 | C78: D079 | D78: D/H | E78: Sala Tetragon Mezanine | F78: OK | G78: OK | H78: OK | I78: OK | J78: 0
B79: Z004 | C79: D080 | D79: D/H | E79: Cubiculos Mezanine | F79: OK | G79: OK | H79: OK | I79: OK | J79: 0
B80: Z003 | C80: D081 | D80: D/H | E80: Sala vip Torre 1 | F80: OK | G80: OK | H80: OK | I80: OK | J80: 0
B81: Z004 | C81: D082 | D81: D/H | E81: Oficina Sinue Espinoza | F81: OK | G81: OK | H81: OK | I81: OK | J81: 0
B82: Z004 | C82: D083 | D82: D/H | E82: Oficina Cristina Ruiz | F82: OK | G82: OK | H82: OK | I82: OK | J82: 0
B83: Z004 | C83: D084 | D83: D/H | E83: Cuarto de computo torre central | F83: OK | G83: OK | H83: OK | I83: OK | J83: 0
B84: Z004 | C84: D085 | D84: D/H | E84: Cocineta torre central | F84: OK | G84: OK | H84: OK | I84: OK | J84: 0
B85: Z000 | C85: D086
B86: Z004 | C86: D087 | D86: D/H | E86: Lavamanos torre central | F86: OK | G86: OK | H86: OK | I86: OK | J86: 0
B87: Z004 | C87: D088 | D87: D/H | E87: Clemente enrriquez torre central | F87: OK | G87: OK | H87: OK | I87: OK | J87: 0
B88: Z004 | C88: D089 | D88: D/H | E88: Gabriel Lopez torre central | F88: OK | G88: OK | H88: OK | I88: OK | J88: 0
B89: Z004 | C89: D090 | D89: D/H | E89: Pasillo impresora torre central | F89: OK | G89: OK | H89: OK | I89: OK | J89: 0
B90: Z004 | C90: D091 | D90: D/H | E90: Archivo torre central | F90: OK | G90: OK | H90: OK | I90: OK | J90: 0
B91: Z004 | C91: D092 | D91: D/H | E91: Oficina Landavazo torre central | F91: OK | G91: OK | H91: OK | I91: OK | J91: 0
B92: Z000 | C92: D093
B93: Z006 | C93: D094 | D93: D/H | E93: Ciclocuentos P-A cubiculos | F93: OK | G93: OK | H93: OK | I93: OK | J93: 0
B94: Z006 | C94: D095 | D94: D/H | E94: Ciclocuentos P-A sala juntas | F94: OK | G94: OK | H94: OK | I94: OK | J94: 0
B95: Z000 | C95: D096
B96: Z006 | C96: D097 | D96: D/H | E96: Oficina Carlos Castro | F96: OK | G96: OK | H96: OK | I96: OK | J96: 0
B97: Z006 | C97: D098 | D97: D/H | E97: Mantenimiento de piso | F97: OK | G97: OK | H97: OK | I97: OK | J97: 0
B98: Z006 | C98: D099 | D98: D/H | E98: Mantenimiento de piso | F98: OK | G98: OK | H98: OK | I98: OK | J98: 0
B99: Z006 | C99: D100 | D99: D/H | E99: Laboratorio de metrologia | F99: Ok | G99: OK | H99: OK | I99: OK | J99: 0
B100: Z006 | C100: D101 | D100: D/H | E100: Logistica | F100: OK | G100: OK | H100: OK | I100: OK | J100: 0
B101: Z006 | C101: D102 | D101: D/H | E101: Logistica | F101: OK | G101: OK | H101: OK | I101: OK | J101: 0
B102: Z006 | C102: D103 | D102: D/H | E102: Oficinas supervisor mantenimeinto | F102: OK | G102: OK | H102: OK | I102: OK | J102: 0
B103: Z006 | C103: D104 | D103: D/H | E103: Cubiculos Embarques | F103: OK | G103: OK | H103: OK | I103: OK | J103: 0
B104: Z006 | C104: D105 | D104: D/H | E104: Cubiculos Embarques | F104: OK | G104: OK | H104: OK | I104: OK | J104: 0
B105: Z006 | C105: D106 | D105: D/H | E105: Gerente Aduanas | F105: OK | G105: OK | H105: OK | I105: OK | J105: 0
B106: Z006 | C106: D107 | D106: D/H | E106: Apoderado Aduanas | F106: OK | G106: OK | H106: OK | I106: OK | J106: 0
B107: Z006 | C107: D108 | D107: D/H | E107: Cubiculos Aduanas | F107: OK | G107: OK | H107: OK | I107: OK | J107: 0
... B113: Z006 | C113: D114 | D113: D/H | E113: Gerencia Distribucion | F113: OK | G113: OK | H113: OK | I113: OK | J113: 0
B115: OBSERVACIONES
B117: No se han reemplazado detectores de humo de los ductos Nº 5 y 15
B118: No se han probado la totalidad de los detctores de los ductos del aire acondicionado ya que se pone en riesgo al personal que labora debajo de los ductos.
B119: Algunos detectores premanecen en zona de supervisión cuando deberían estar en zona de alarma.Recomendación hecha por FM Global
B120: Detectores de humo de compresores de encuentran deshabilitados. (D045 y D046)
B121: Detectores de humo instalados en los ductos del aire acondicionado permanecen deshabilitados por mantenimiento de los "coolers"
F125: ELABORO :
F126: =K9 -> Santiago Campos
...

Sheet FM200
P1: FIRE CONTROL SYSTEMS
P2: Bucarest 12 Terranova Nogales, Sonora
P3: Tel. 104-1127 Cel. 631-357-9141 las 24 Hrs.
P4: Patricia Campos Badillo
P5: RFC. CABP721117CW7
B6: REPORTE DE INSPECCION, PRUEBAS Y MANTENIMIENTO A SISTEMAS DE EXTINCION A BASE DE GASES | P6: E. Mail: firecontrolsystems@hotmail.com
B7: CLIENTE: | C7: Master Lock de Nogales Planta 2 | K7: CONTRATO : | L7: Mensual
B8: ATENCIÓN: | C8: Ing. Julio Landabazo | K8: INSPECTOR : | L8: ='Hidrantes Interiores'!S8 -> Santiago Campos
B9: SERVICIO: | C9: ='Tanque Agua'!C10 -> 7 de 12 | K9: FECHA : | L9: 15 de julio del 2025
A11: EXTINCION A BASE DE : | E11: ( ) HALON 1301 ( ) CO2 ( X) FM200 ( ) INERGEN
D13: DESIGNACION DEL AREA PROTEGIDA : | E13: Cuarto de comunicaciones
B15: INSPECCION VISUAL AL AREA | G15: f | H15: S | I15: N/A | J15: N | K15: PARAMETROS | L15: LECTURAS | O15: COMENTARIOS
B16: ¿ El área de riesgo ha sido modificada con respecto al plano ? | G16: M | H16: OK
B17: ¿ La cobertura de los detectores es correcta ? | G17: M | H17: OK
B18: ¿ Todos los detectores están supervisados por el tablero ? | G18: M | H18: OK
B19: ¿ La condición y ubicación de las boquillas es correcta ? | G19: M | H19: OK
B20: ¿ Las boquillas se encuentran obstruidas ? | G20: M | H20: OK
B21: ¿ Existen áreas de riesgo sin cobertura de extinción ? | G21: M | H21: OK
B22: ¿ Las estaciones manuales y las de aborto son accesibles y están a la salida del riesgo ? | G22: M | H22: OK
B23: ¿ El área cuenta con avisos que indiquen que esta protegido con un sistema de extinción a base de gas ? | G23: M | H23: OK
B24: ¿ El riesgo se encuentra cerrado herméticamente de forma que no existan fugas considerables en caso de descarga ? | G24: M | H24: OK
B25: Resultó satisfactoria la prueba de hermeticidad realizada al area a protegida? Cada 5 años | G25: 5a | J25: X | O25: 42217
B26: ¿ La tubería de descarga se encuentra bien soportada ? | G26: M | H26: OK
B27: ¿ Los tanques se encuentran en buenas condiciones ? | G27: M | H27: OK
B28: ¿ Los tanques se encuentran bien anclados y en un área accesible ? | G28: M | H28: OK
B29: ¿ Los tanques cuentan con placas de datos indicando peso en vacio y llenado ? | G29: M | H29: OK
B30: ¿ El peso de los tanques es el adecuado ? | G30: A
B31: ¿ El sistema cuenta con mecanismo de disparo manual en buenas condiciones ? | G31: M | H31: OK
B32: ¿ El cuarto de contenedores tiene condiciones de temperatura adecuada ? | G32: M | H32: OK | K32: ºC | L32: 20°
B33: VERIFICACION OPERATIVA DEL SISTEMA DE EXTINCION | G33: f | H33: S | I33: N/A | J33: N | K33: PARAMETROS | L33: LECTURAS | O33: COMENTARIOS
B34: ¿ Al retirar un detector de su base, lo reporta el tablero ? | G34: M | H34: OK
B35: ¿ El tablero opera al desconectar la energía de AC ? | G35: M | H35: OK
B36: El voltaje de la energía de AC es correto? | G36: M | H36: OK | K36: VAC | L36: 125.2
B37: ¿ El cargador de baterías funciona correctamente ? | G37: M | H37: OK | K37: VOLTS DC | L37: 27.5
B38: ¿ El voltaje de las baterías es el adecuado ? | G38: M | H38: OK | K38: VOLTS DC | L38: 13.81 - 13.84
B39: ¿ La alimentación secundaria opera adecuadamente ? | G39: M | H39: OK | K39: VOLTS DC | L39: 27.6
B40: ¿ La capacidad de las baterías es la adecuada ? | G40: Q | H40: OK | K40: VOLTS DC | L40: 12 V c/u | O40: 45839
B41: ¿ Se encuentra supervisada la alimentación de DC hacia los modulos de control ? | G41: M | H41: OK
B42: ¿ Al alarmar un detector, el tablero lo reporta ? | G42: M | H42: OK
B43: ¿ Todas las alarmas audiovisuales operan ? | G43: A | H43: OK | O43: 44943
B44: ¿ Todas las alarmas sonoras funcionan ? | G44: A | H44: OK | O44: 44943
B45: ¿ Las teclas de ALARM SILENCE & RESET operan ? | G45: A | H45: OK | O45: 44943
B46: ¿ El sistema opera en condiciones de prealarma ? | G46: A | H46: OK | O46: 44943
B47: ¿ Al activar un segundo detector o realizar zona cruzada se activa el ciclo de descarga ? | G47: A | H47: OK | O47: 44943
B48: ¿ El tiempo de retardo para inicio de la descarga al activarse los detectores de humo de ambas zonas(1 y 2) es el correcto ? | G48: A | H48: OK | L48: 29 segundos | O48: 44943
B49: ¿ Al activar la estación manual, se energizan las solenoides ? | G49: A | H49: OK | O49: 44943
B50: ¿ Las solenoides se activan y se restablecen ? | G50: A | H50: OK | O50: 44943
B51: VERIFICACION OPERATIVA DEL SISTEMA DE EXTINCION | G51: f | H51: S | I51: N/A | J51: N | K51: PARAMETROS | L51: LECTURAS | O51: 44943
B52: ¿ La extracción o inyección de aire, se detiene en caso de tener condiciones de alarma ? | G52: A | J52: X | O52: 44943
B53: ¿ Las señales remotas operan correctamente ? | G53: A | H53: OK | O53: 44943
B54: ¿ Las válvulas seccionadoras y los interruptores de presión operan adecuadamente ? | G54: A | H54: OK | O54: 44943
B55: ¿ Queda operando el sistema normalmente una vez que ha sido restablecido ? | G55: A | H55: OK | O55: 44943
B57: OBSERVACIONES :
B59: El panel de control no cuenta con contador que indique el tiempo que transcurre para el inicio y duración de la descarga, al realizar la prueba el conteo se hace con dispositivo externo
B60: El sistema de aire acondicionado no se detiene al activarse la descarga del sistema.
B61: Algunos orificios en los muros y varios orificios en plafones sin sellar a causa del cableado
B62: Algunos plafones sin asentar completamente en la reticula permiten la salida de aire y sin clip que los mantenga en su lugar durante la descarga.
B63: Se requiere realizar prueba de hermeticidad del cuarto.
B64: Se requiere realizar prueba de simulacion de descarga.

Sheet Aceptaciòn y entrega.
R1: FIRE CONTROL SYSTEMS
R2: Bucarest 12 Terranova Nogales, Sonora
Q3: Tel. 104-1127 Cel. 631-357-9141 las 24 Hrs.
R4: Patricia Campos Badillo
R5: RFC. CABP721117CW7
G6: REPORTE DE ACEPTACION Y ENTREGA | R6: firecontrolsystems@hotmail.com
B8: CLIENTE : | C8: Maquila Test S.A. | O8: CONTRATO :
B9: ATENCION : | C9: Area de Corte / Juan Perez | O9: INSPECTOR: | Q9: Juan Perez
B10: SERVICIO : | C10: Inspección y Retrabajo (QR) | O10: FECHA: | Q10: 2023-10-27
B13: REFERENCIA | D13: IRREGULARIDAD REPORTADA | K13: RECOMENDACION HECHA | R13: FECHA DE INSPECCIÓN
B14: CAR-001 Frontal | D14: Pintura: OK | K14: Todo bien en general | R14: 2023-10-27
B15: CAR-001 Frontal | D15: Abolladuras: NO | K15: Todo bien en general | R15: 2023-10-27
B17: CAR-002 Trasero | D17: Luces: OK | K17: Funcionando | R17: 2023-10-27
B18: CAR-002 Trasero | D18: Frenos: Revisar | K18: Desgaste leve | R18: 2023-10-27
B62: Observaciones:
E72: Elaboro: | L72: Por el cliente:
E73: =Q9 -> Juan Perez | L73: Ing. Julio Landabazo
E75: =Q10 -> 2023-10-27 | L75: =Q10 -> 2023-10-27
E76: Nombre, firma y fecha | L76: Nombre, firma y fecha
